timestamp_utc,window_ms,traffic_log_mode,cpu_usage_unit,node1_name,node2_name,node1_requests,node2_requests,total_requests,node1_cpu_raw_usage,node2_cpu_raw_usage,node1_cpu_normalized_usage,node2_cpu_normalized_usage,node1_cpu_capacity,node2_cpu_capacity,node1_inflight,node2_inflight,node1_backend_inflight,node2_backend_inflight,node1_queue,node2_queue,node1_response_ms,node2_response_ms,node1_fuzzy_score,node2_fuzzy_score,os_idle_cpu
2026-05-18T08:03:47.362606753Z,1000,per_hit,raw_percent_of_host,api-node1,api-node2,0,0,0,1.010101,0.000000,1.010101,0.000000,100.000000,50.000000,0.000000,0.000000,0.000000,0.000000,0.000000,0.000000,0.000000,0.000000,0.000000,0.000000,3.000000
2026-05-18T08:03:48.36260389Z,1000,per_hit,raw_percent_of_host,api-node1,api-node2,0,0,0,1.000000,1.980198,1.000000,3.960396,100.000000,50.000000,0.000000,0.000000,0.000000,0.000000,0.000000,0.000000,0.000000,0.000000,0.000000,0.000000,3.000000
2026-05-18T08:03:49.362605598Z,1000,per_hit,raw_percent_of_host,api-node1,api-node2,0,0,0,0.990099,0.000000,0.990099,0.000000,100.000000,50.000000,0.000000,0.000000,0.000000,0.000000,0.000000,0.000000,0.000000,0.000000,0.000000,0.000000,3.000000
2026-05-18T08:03:50.362603211Z,1000,per_hit,raw_percent_of_host,api-node1,api-node2,23,17,40,28.971963,14.705882,28.971963,29.411765,100.000000,50.000000,0.000000,5.000000,0.000000,0.000000,0.000000,5.000000,297.260870,305.000000,83.666667,83.666667,3.000000
2026-05-18T08:03:51.362604241Z,1000,per_hit,raw_percent_of_host,api-node1,api-node2,19,22,41,30.303030,12.871287,30.303030,25.742574,100.000000,50.000000,0.000000,17.000000,0.000000,0.000000,0.000000,17.000000,144.315789,339.800000,50.000000,46.488777,3.000000
2026-05-18T08:03:52.362607272Z,1000,per_hit,raw_percent_of_host,api-node1,api-node2,16,26,42,1.000000,18.556701,1.000000,37.113402,100.000000,50.000000,0.000000,26.000000,0.000000,0.000000,0.000000,26.000000,178.062500,469.882353,50.000000,56.771118,3.000000
2026-05-18T08:03:53.362604176Z,1000,per_hit,raw_percent_of_host,api-node1,api-node2,14,29,43,0.000000,17.708333,0.000000,35.416667,100.000000,50.000000,0.000000,29.000000,0.000000,0.000000,0.000000,29.000000,122.214286,464.615385,50.000000,57.860413,3.000000
2026-05-18T08:03:54.362602871Z,1000,per_hit,raw_percent_of_host,api-node1,api-node2,24,20,44,28.037383,18.627451,28.037383,37.254902,100.000000,50.000000,0.000000,9.000000,0.000000,0.000000,0.000000,9.000000,265.958333,528.250000,50.000000,45.544141,3.000000
2026-05-18T08:03:55.36260303Z,1000,per_hit,raw_percent_of_host,api-node1,api-node2,22,23,45,6.521739,13.402062,6.521739,26.804124,100.000000,50.000000,0.000000,23.000000,0.000000,0.000000,0.000000,23.000000,199.727273,411.000000,50.000000,45.478791,3.000000
2026-05-18T08:03:56.362605677Z,1000,per_hit,raw_percent_of_host,api-node1,api-node2,24,22,46,0.000000,13.402062,0.000000,26.804124,100.000000,50.000000,0.000000,22.000000,0.000000,0.000000,0.000000,22.000000,198.750000,485.739130,50.000000,45.478791,3.000000
2026-05-18T08:03:57.362603262Z,1000,per_hit,raw_percent_of_host,api-node1,api-node2,28,19,47,28.703704,11.881188,28.703704,23.762376,100.000000,50.000000,0.000000,3.000000,0.000000,0.000000,0.000000,3.000000,239.214286,400.210526,50.000000,43.740314,3.000000
2026-05-18T08:03:58.362603924Z,1000,per_hit,raw_percent_of_host,api-node1,api-node2,23,24,47,10.989011,8.247423,10.989011,16.494845,100.000000,50.000000,0.000000,23.000000,0.000000,0.000000,0.000000,23.000000,182.782609,318.500000,50.000000,50.000000,3.000000
2026-05-18T08:03:59.362604915Z,1000,per_hit,raw_percent_of_host,api-node1,api-node2,23,25,48,11.827957,18.367347,11.827957,36.734694,100.000000,50.000000,0.000000,25.000000,0.000000,0.000000,0.000000,25.000000,191.217391,464.260870,50.000000,57.020722,3.000000
2026-05-18T08:04:00.362604572Z,1000,per_hit,raw_percent_of_host,api-node1,api-node2,24,25,49,28.037383,19.387755,28.037383,38.775510,100.000000,50.000000,0.000000,22.000000,0.000000,0.000000,0.000000,22.000000,243.833333,458.035714,50.000000,55.638463,3.000000
2026-05-18T08:04:01.36260546Z,1000,per_hit,raw_percent_of_host,api-node1,api-node2,26,23,49,28.703704,13.861386,28.703704,27.722772,100.000000,50.000000,0.000000,17.000000,0.000000,0.000000,0.000000,17.000000,229.153846,437.821429,50.000000,55.909999,3.000000
2026-05-18T08:04:02.36260402Z,1000,per_hit,raw_percent_of_host,api-node1,api-node2,25,25,50,6.521739,14.285714,6.521739,28.571429,100.000000,50.000000,0.000000,22.000000,0.000000,0.000000,0.000000,22.000000,248.520000,440.050000,50.000000,44.604676,3.000000
2026-05-18T08:04:03.36260461Z,1000,per_hit,raw_percent_of_host,api-node1,api-node2,25,25,50,10.989011,22.680412,10.989011,45.360825,100.000000,50.000000,0.000000,25.000000,0.000000,0.000000,0.000000,25.000000,292.280000,548.818182,50.000000,50.411373,3.000000
2026-05-18T08:04:04.362604523Z,1000,per_hit,raw_percent_of_host,api-node1,api-node2,21,29,50,28.037383,14.851485,28.037383,29.702970,100.000000,50.000000,0.000000,26.000000,0.000000,0.000000,0.000000,26.000000,219.142857,484.250000,50.000000,57.020722,3.000000
2026-05-18T08:04:05.362604328Z,1000,per_hit,raw_percent_of_host,api-node1,api-node2,28,22,50,2.173913,15.686275,2.173913,31.372549,100.000000,50.000000,0.000000,11.000000,0.000000,0.000000,0.000000,11.000000,267.892857,394.216216,50.000000,39.275692,3.000000
2026-05-18T08:04:06.362603999Z,1000,per_hit,raw_percent_of_host,api-node1,api-node2,23,27,50,10.869565,8.247423,10.869565,16.494845,100.000000,50.000000,0.000000,27.000000,0.000000,0.000000,0.000000,27.000000,192.217391,403.636364,50.000000,50.000000,3.000000
2026-05-18T08:04:07.362604136Z,1000,per_hit,raw_percent_of_host,api-node1,api-node2,26,24,50,0.000000,18.367347,0.000000,36.734694,100.000000,50.000000,0.000000,21.000000,0.000000,0.000000,0.000000,21.000000,346.461538,494.800000,50.000000,57.020722,3.000000
2026-05-18T08:04:08.362604201Z,1000,per_hit,raw_percent_of_host,api-node1,api-node2,24,26,50,12.765957,17.708333,12.765957,35.416667,100.000000,50.000000,0.000000,22.000000,0.000000,0.000000,0.000000,22.000000,206.750000,451.040000,51.983222,57.860413,3.000000
2026-05-18T08:04:09.362606121Z,1000,per_hit,raw_percent_of_host,api-node1,api-node2,22,27,49,0.000000,17.525773,0.000000,35.051546,100.000000,50.000000,0.000000,24.000000,0.000000,0.000000,0.000000,24.000000,204.818182,468.840000,50.000000,58.088660,3.000000
2026-05-18T08:04:10.362603958Z,1000,per_hit,raw_percent_of_host,api-node1,api-node2,28,21,49,1.075269,13.402062,1.075269,26.804124,100.000000,50.000000,0.000000,18.000000,0.000000,0.000000,0.000000,18.000000,241.892857,439.555556,50.000000,45.478791,3.000000
2026-05-18T08:04:11.362603779Z,1000,per_hit,raw_percent_of_host,api-node1,api-node2,25,24,49,0.000000,13.265306,0.000000,26.530612,100.000000,50.000000,0.000000,22.000000,0.000000,0.000000,0.000000,22.000000,206.600000,422.000000,51.947910,45.612960,3.000000
2026-05-18T08:04:12.362605059Z,1000,per_hit,raw_percent_of_host,api-node1,api-node2,22,26,48,1.086957,18.367347,1.086957,36.734694,100.000000,50.000000,0.000000,19.000000,0.000000,0.000000,0.000000,19.000000,214.181818,395.413793,50.000000,57.771370,3.000000
2026-05-18T08:04:13.362603877Z,1000,per_hit,raw_percent_of_host,api-node1,api-node2,26,21,47,27.777778,16.260163,27.777778,32.520325,100.000000,50.000000,0.000000,8.000000,0.000000,0.000000,0.000000,8.000000,167.307692,398.468750,51.294647,57.020722,3.000000
2026-05-18T08:04:14.362605074Z,1000,per_hit,raw_percent_of_host,api-node1,api-node2,23,24,47,5.494505,6.666667,5.494505,13.333333,100.000000,50.000000,0.000000,23.000000,0.000000,0.000000,0.000000,23.000000,195.304348,326.888889,50.000000,52.038958,3.000000
2026-05-18T08:04:15.362605039Z,1000,per_hit,raw_percent_of_host,api-node1,api-node2,28,18,46,28.703704,17.475728,28.703704,34.951456,100.000000,50.000000,0.000000,2.000000,0.000000,0.000000,0.000000,2.000000,328.642857,398.512821,52.040089,45.478791,3.000000
2026-05-18T08:04:16.362606709Z,1000,per_hit,raw_percent_of_host,api-node1,api-node2,23,21,44,11.956522,6.315789,11.956522,12.631579,100.000000,50.000000,0.000000,13.000000,0.000000,0.000000,0.000000,13.000000,254.130435,293.400000,50.000000,50.000000,3.000000
2026-05-18T08:04:17.362603241Z,1000,per_hit,raw_percent_of_host,api-node1,api-node2,26,18,44,28.037383,15.686275,28.037383,31.372549,100.000000,50.000000,0.000000,9.000000,0.000000,0.000000,0.000000,9.000000,303.653846,361.454545,50.000000,48.526175,3.000000
2026-05-18T08:04:18.362604044Z,1000,per_hit,raw_percent_of_host,api-node1,api-node2,23,20,43,11.956522,10.101010,11.956522,20.202020,100.000000,50.000000,0.000000,18.000000,0.000000,0.000000,0.000000,18.000000,219.695652,363.181818,50.000000,50.019531,3.000000
2026-05-18T08:04:19.362608276Z,1000,per_hit,raw_percent_of_host,api-node1,api-node2,24,18,42,28.703704,15.966387,28.703704,31.932773,100.000000,50.000000,0.000000,4.000000,0.000000,0.000000,0.000000,4.000000,231.333333,365.406250,51.458089,45.478791,3.000000
2026-05-18T08:04:20.362604713Z,1000,per_hit,raw_percent_of_host,api-node1,api-node2,17,24,41,31.683168,16.504854,31.683168,33.009709,100.000000,50.000000,0.000000,9.000000,0.000000,0.000000,0.000000,9.000000,173.411765,266.000000,51.545412,50.000000,3.000000
2026-05-18T08:04:21.362603749Z,1000,per_hit,raw_percent_of_host,api-node1,api-node2,18,22,40,30.303030,17.647059,30.303030,35.294118,100.000000,50.000000,0.000000,7.000000,0.000000,0.000000,0.000000,7.000000,183.222222,345.208333,50.000000,47.819320,3.000000
2026-05-18T08:04:22.362605179Z,1000,per_hit,raw_percent_of_host,api-node1,api-node2,14,25,39,0.000000,8.247423,0.000000,16.494845,100.000000,50.000000,0.000000,19.000000,0.000000,0.000000,0.000000,19.000000,137.428571,329.846154,50.000000,50.000000,3.000000
2026-05-18T08:04:23.362603565Z,1000,per_hit,raw_percent_of_host,api-node1,api-node2,15,23,38,0.000000,16.842105,0.000000,33.684211,100.000000,50.000000,0.000000,11.000000,0.000000,0.000000,0.000000,11.000000,133.600000,423.387097,50.000000,58.923685,3.000000
2026-05-18T08:04:24.362604761Z,1000,per_hit,raw_percent_of_host,api-node1,api-node2,20,17,37,28.703704,13.725490,28.703704,27.450980,100.000000,50.000000,0.000000,14.000000,0.000000,0.000000,0.000000,14.000000,230.150000,394.714286,50.000000,42.877230,3.000000
2026-05-18T08:04:25.362603929Z,1000,per_hit,raw_percent_of_host,api-node1,api-node2,23,13,36,28.971963,20.192308,28.971963,40.384615,100.000000,50.000000,0.000000,0.000000,0.000000,0.000000,0.000000,0.000000,245.826087,297.074074,50.000000,49.555414,3.000000
2026-05-18T08:04:26.36261155Z,1000,per_hit,raw_percent_of_host,api-node1,api-node2,21,14,35,29.357798,14.851485,29.357798,29.702970,100.000000,50.000000,0.000000,0.000000,0.000000,0.000000,0.000000,0.000000,172.714286,219.714286,50.000000,50.000000,3.000000
2026-05-18T08:04:27.362603617Z,1000,per_hit,raw_percent_of_host,api-node1,api-node2,13,21,34,0.000000,3.061224,0.000000,6.122449,100.000000,50.000000,0.000000,17.000000,0.000000,0.000000,0.000000,17.000000,133.230769,247.500000,50.000000,50.000000,3.000000
2026-05-18T08:04:28.362604408Z,1000,per_hit,raw_percent_of_host,api-node1,api-node2,18,15,33,28.703704,13.725490,28.703704,27.450980,100.000000,50.000000,0.000000,3.000000,0.000000,0.000000,0.000000,3.000000,162.555556,347.103448,50.000000,44.748010,3.000000
2026-05-18T08:04:29.362604122Z,1000,per_hit,raw_percent_of_host,api-node1,api-node2,18,14,32,28.301887,13.131313,28.301887,26.262626,100.000000,50.000000,0.000000,0.000000,0.000000,0.000000,0.000000,0.000000,155.611111,245.823529,50.000000,45.478791,3.000000
2026-05-18T08:04:30.362604789Z,1000,per_hit,raw_percent_of_host,api-node1,api-node2,14,18,32,21.782178,16.666667,21.782178,33.333333,100.000000,50.000000,0.000000,2.000000,0.000000,0.000000,0.000000,2.000000,152.357143,310.750000,50.000000,50.000000,3.000000
2026-05-18T08:04:31.362604291Z,1000,per_hit,raw_percent_of_host,api-node1,api-node2,13,18,31,1.000000,7.216495,1.000000,14.432990,100.000000,50.000000,0.000000,12.000000,0.000000,0.000000,0.000000,12.000000,144.230769,305.125000,50.000000,50.000000,3.000000
2026-05-18T08:04:32.362604749Z,1000,per_hit,raw_percent_of_host,api-node1,api-node2,17,14,31,30.303030,13.131313,30.303030,26.262626,100.000000,50.000000,0.000000,0.000000,0.000000,0.000000,0.000000,0.000000,180.117647,292.538462,50.000000,50.000000,3.000000
2026-05-18T08:04:33.362603611Z,1000,per_hit,raw_percent_of_host,api-node1,api-node2,18,12,30,28.703704,16.000000,28.703704,32.000000,100.000000,50.000000,0.000000,0.000000,0.000000,0.000000,0.000000,0.000000,177.444444,197.500000,50.000000,50.000000,3.000000
2026-05-18T08:04:34.362604363Z,1000,per_hit,raw_percent_of_host,api-node1,api-node2,15,15,30,20.202020,14.000000,20.202020,28.000000,100.000000,50.000000,0.000000,0.000000,0.000000,0.000000,0.000000,0.000000,129.200000,230.733333,50.000000,50.000000,3.000000
2026-05-18T08:04:35.362602492Z,1000,per_hit,raw_percent_of_host,api-node1,api-node2,20,10,30,31.372549,14.000000,31.372549,28.000000,100.000000,50.000000,0.000000,0.000000,0.000000,0.000000,0.000000,0.000000,175.600000,197.000000,50.000000,50.000000,3.000000
2026-05-18T08:04:36.362606581Z,1000,per_hit,raw_percent_of_host,api-node1,api-node2,15,15,30,20.202020,15.151515,20.202020,30.303030,100.000000,50.000000,0.000000,0.000000,0.000000,0.000000,0.000000,0.000000,130.200000,227.333333,50.000000,50.000000,3.000000
2026-05-18T08:04:37.362606477Z,1000,per_hit,raw_percent_of_host,api-node1,api-node2,13,17,30,20.202020,17.307692,20.202020,34.615385,100.000000,50.000000,0.000000,0.000000,0.000000,0.000000,0.000000,0.000000,133.461538,229.470588,50.000000,50.000000,3.000000
2026-05-18T08:04:38.362603916Z,1000,per_hit,raw_percent_of_host,api-node1,api-node2,17,14,31,21.000000,16.000000,21.000000,32.000000,100.000000,50.000000,0.000000,0.000000,0.000000,0.000000,0.000000,0.000000,173.352941,207.928571,50.759881,50.000000,3.000000
2026-05-18T08:04:39.362606661Z,1000,per_hit,raw_percent_of_host,api-node1,api-node2,12,19,31,21.000000,17.647059,21.000000,35.294118,100.000000,50.000000,0.000000,0.000000,0.000000,0.000000,0.000000,0.000000,154.583333,252.210526,50.759881,50.000000,3.000000
2026-05-18T08:04:40.362603773Z,1000,per_hit,raw_percent_of_host,api-node1,api-node2,14,17,31,26.000000,17.475728,26.000000,34.951456,100.000000,50.000000,0.000000,5.000000,0.000000,0.000000,0.000000,5.000000,140.928571,221.666667,50.000000,50.000000,3.000000
2026-05-18T08:04:41.362604083Z,1000,per_hit,raw_percent_of_host,api-node1,api-node2,15,17,32,26.732673,15.841584,26.732673,31.683168,100.000000,50.000000,0.000000,2.000000,0.000000,0.000000,0.000000,2.000000,126.333333,317.950000,50.938583,50.000000,3.000000
2026-05-18T08:04:42.362606537Z,1000,per_hit,raw_percent_of_host,api-node1,api-node2,16,17,33,25.510204,15.533981,25.510204,31.067961,100.000000,50.000000,0.000000,4.000000,0.000000,0.000000,0.000000,4.000000,107.250000,297.733333,52.040089,50.000000,3.000000
2026-05-18T08:04:43.362607852Z,1000,per_hit,raw_percent_of_host,api-node1,api-node2,15,18,33,21.000000,15.151515,21.000000,30.303030,100.000000,50.000000,0.000000,1.000000,0.000000,0.000000,0.000000,1.000000,163.066667,255.428571,52.040089,45.478791,3.000000
2026-05-18T08:04:44.362607429Z,1000,per_hit,raw_percent_of_host,api-node1,api-node2,15,19,34,26.000000,13.861386,26.000000,27.722772,100.000000,50.000000,0.000000,4.000000,0.000000,0.000000,0.000000,4.000000,113.600000,293.937500,52.744491,48.632837,3.000000
2026-05-18T08:04:45.36260357Z,1000,per_hit,raw_percent_of_host,api-node1,api-node2,14,21,35,29.357798,14.851485,29.357798,29.702970,100.000000,50.000000,0.000000,16.000000,0.000000,0.000000,0.000000,16.000000,108.428571,324.777778,53.227528,45.612960,3.000000
2026-05-18T08:04:46.36260361Z,1000,per_hit,raw_percent_of_host,api-node1,api-node2,12,24,36,26.000000,17.647059,26.000000,35.294118,100.000000,50.000000,0.000000,22.000000,0.000000,0.000000,0.000000,22.000000,100.166667,383.500000,52.171236,44.748010,3.000000
2026-05-18T08:04:47.362604894Z,1000,per_hit,raw_percent_of_host,api-node1,api-node2,23,14,37,31.132075,16.504854,31.132075,33.009709,100.000000,50.000000,0.000000,1.000000,0.000000,0.000000,0.000000,1.000000,180.608696,383.657143,55.108287,40.332909,3.000000
2026-05-18T08:04:48.362606029Z,1000,per_hit,raw_percent_of_host,api-node1,api-node2,23,15,38,28.037383,20.000000,28.037383,40.000000,100.000000,50.000000,0.000000,0.000000,0.000000,0.000000,0.000000,0.000000,204.000000,244.187500,51.484120,50.000000,3.000000
2026-05-18T08:04:49.362602837Z,1000,per_hit,raw_percent_of_host,api-node1,api-node2,20,19,39,28.971963,13.131313,28.971963,26.262626,100.000000,50.000000,0.000000,0.000000,0.000000,0.000000,0.000000,0.000000,161.100000,258.210526,51.446823,50.000000,3.000000
2026-05-18T08:04:50.3626028Z,1000,per_hit,raw_percent_of_host,api-node1,api-node2,20,20,40,30.303030,15.841584,30.303030,31.683168,100.000000,50.000000,0.000000,2.000000,0.000000,0.000000,0.000000,2.000000,158.750000,198.888889,51.250779,50.000000,3.000000
2026-05-18T08:04:51.362605194Z,1000,per_hit,raw_percent_of_host,api-node1,api-node2,21,20,41,28.703704,16.161616,28.703704,32.323232,100.000000,50.000000,0.000000,4.000000,0.000000,0.000000,0.000000,4.000000,152.809524,223.222222,50.217316,53.539246,3.000000
2026-05-18T08:04:52.362602692Z,1000,per_hit,raw_percent_of_host,api-node1,api-node2,25,17,42,28.703704,18.446602,28.703704,36.893204,100.000000,50.000000,0.000000,2.000000,0.000000,0.000000,0.000000,2.000000,184.840000,237.105263,50.000000,42.450356,3.000000
2026-05-18T08:04:53.362602545Z,1000,per_hit,raw_percent_of_host,api-node1,api-node2,27,16,43,29.629630,17.647059,29.629630,35.294118,100.000000,50.000000,0.000000,3.000000,0.000000,0.000000,0.000000,3.000000,220.814815,206.066667,50.000000,52.109899,3.000000
2026-05-18T08:04:54.362602662Z,1000,per_hit,raw_percent_of_host,api-node1,api-node2,29,15,44,28.703704,13.000000,28.703704,26.000000,100.000000,50.000000,0.000000,0.000000,0.000000,0.000000,0.000000,0.000000,262.931034,197.666667,57.011909,49.954369,3.000000
2026-05-18T08:04:55.362605586Z,1000,per_hit,raw_percent_of_host,api-node1,api-node2,26,19,45,29.629630,13.000000,29.629630,26.000000,100.000000,50.000000,0.000000,7.000000,0.000000,0.000000,0.000000,7.000000,213.076923,265.166667,51.557214,50.000000,3.000000
2026-05-18T08:04:56.362605351Z,1000,per_hit,raw_percent_of_host,api-node1,api-node2,29,17,46,28.703704,13.131313,28.703704,26.262626,100.000000,50.000000,0.000000,2.000000,0.000000,0.000000,0.000000,2.000000,195.620690,255.454545,50.000000,42.797270,3.000000
2026-05-18T08:04:57.362604848Z,1000,per_hit,raw_percent_of_host,api-node1,api-node2,24,23,47,28.703704,11.000000,28.703704,22.000000,100.000000,50.000000,0.000000,14.000000,0.000000,0.000000,0.000000,14.000000,197.916667,224.454545,50.120554,46.366858,3.000000
2026-05-18T08:04:58.362604417Z,1000,per_hit,raw_percent_of_host,api-node1,api-node2,23,25,48,10.989011,18.269231,10.989011,36.538462,100.000000,50.000000,0.000000,13.000000,0.000000,0.000000,0.000000,13.000000,152.608696,303.730769,50.881658,37.943156,3.000000
2026-05-18T08:04:59.362604979Z,1000,per_hit,raw_percent_of_host,api-node1,api-node2,25,23,48,0.000000,16.842105,0.000000,33.684211,100.000000,50.000000,0.000000,21.000000,0.000000,0.000000,0.000000,21.000000,178.000000,382.400000,52.051415,41.518250,3.000000
2026-05-18T08:05:00.362604359Z,1000,per_hit,raw_percent_of_host,api-node1,api-node2,24,25,49,10.989011,14.285714,10.989011,28.571429,100.000000,50.000000,0.000000,15.000000,0.000000,0.000000,0.000000,15.000000,149.416667,368.000000,51.070915,42.831587,3.000000
2026-05-18T08:05:01.362604575Z,1000,per_hit,raw_percent_of_host,api-node1,api-node2,28,21,49,29.357798,13.265306,29.357798,26.530612,100.000000,50.000000,0.000000,20.000000,0.000000,0.000000,0.000000,20.000000,204.500000,338.750000,50.000000,44.154780,3.000000
2026-05-18T08:05:02.362603628Z,1000,per_hit,raw_percent_of_host,api-node1,api-node2,29,21,50,28.037383,14.285714,28.037383,28.571429,100.000000,50.000000,0.000000,12.000000,0.000000,0.000000,0.000000,12.000000,211.862069,325.068966,50.283622,43.534814,3.000000
2026-05-18T08:05:03.362603881Z,1000,per_hit,raw_percent_of_host,api-node1,api-node2,30,20,50,32.142857,19.230769,32.142857,38.461538,100.000000,50.000000,0.000000,7.000000,0.000000,0.000000,0.000000,7.000000,174.633333,279.440000,50.852982,42.035031,3.000000
2026-05-18T08:05:04.362603643Z,1000,per_hit,raw_percent_of_host,api-node1,api-node2,27,23,50,5.747126,12.500000,5.747126,25.000000,100.000000,50.000000,0.000000,21.000000,0.000000,0.000000,0.000000,21.000000,204.444444,312.111111,50.965462,46.113594,3.000000
2026-05-18T08:05:05.362603615Z,1000,per_hit,raw_percent_of_host,api-node1,api-node2,29,21,50,28.971963,16.842105,28.971963,33.684211,100.000000,50.000000,0.000000,11.000000,0.000000,0.000000,0.000000,11.000000,196.275862,340.967742,50.000000,40.586839,3.000000
2026-05-18T08:05:06.362603386Z,1000,per_hit,raw_percent_of_host,api-node1,api-node2,26,24,50,11.956522,11.578947,11.956522,23.157895,100.000000,50.000000,0.000000,21.000000,0.000000,0.000000,0.000000,21.000000,171.346154,306.428571,51.487222,47.087990,3.000000
2026-05-18T08:05:07.362603819Z,1000,per_hit,raw_percent_of_host,api-node1,api-node2,27,23,50,29.357798,9.836066,29.357798,19.672131,100.000000,50.000000,0.000000,16.000000,0.000000,0.000000,0.000000,16.000000,176.777778,346.107143,51.229742,48.851492,3.000000
2026-05-18T08:05:08.362604694Z,1000,per_hit,raw_percent_of_host,api-node1,api-node2,23,27,50,10.989011,17.525773,10.989011,35.051546,100.000000,50.000000,0.000000,19.000000,0.000000,0.000000,0.000000,19.000000,166.391304,358.750000,50.028330,39.936251,3.000000
2026-05-18T08:05:09.362603698Z,1000,per_hit,raw_percent_of_host,api-node1,api-node2,23,26,49,0.000000,17.708333,0.000000,35.416667,100.000000,50.000000,0.000000,18.000000,0.000000,0.000000,0.000000,18.000000,155.739130,406.111111,50.706780,41.102117,3.000000
2026-05-18T08:05:10.362606158Z,1000,per_hit,raw_percent_of_host,api-node1,api-node2,32,17,49,29.629630,18.000000,29.629630,36.000000,100.000000,50.000000,0.000000,2.000000,0.000000,0.000000,0.000000,2.000000,207.593750,310.151515,50.000000,39.884920,3.000000
2026-05-18T08:05:11.362606315Z,1000,per_hit,raw_percent_of_host,api-node1,api-node2,25,23,48,28.971963,15.000000,28.971963,30.000000,100.000000,50.000000,0.000000,7.000000,0.000000,0.000000,0.000000,7.000000,136.360000,246.833333,50.251422,47.754957,3.000000
2026-05-18T08:05:12.362603962Z,1000,per_hit,raw_percent_of_host,api-node1,api-node2,30,17,47,6.451613,16.346154,6.451613,32.692308,100.000000,50.000000,1.000000,1.000000,0.000000,0.000000,1.000000,1.000000,258.896552,236.130435,56.932937,44.538422,3.000000
2026-05-18T08:05:13.362604741Z,1000,per_hit,raw_percent_of_host,api-node1,api-node2,18,29,47,8.219178,7.291667,8.219178,14.583333,100.000000,50.000000,0.000000,23.000000,0.000000,0.000000,0.000000,23.000000,132.263158,270.142857,53.956156,50.000000,3.000000
2026-05-18T08:05:14.362603441Z,1000,per_hit,raw_percent_of_host,api-node1,api-node2,23,23,46,0.000000,22.105263,0.000000,44.210526,100.000000,50.000000,0.000000,14.000000,0.000000,0.000000,0.000000,14.000000,184.304348,408.500000,50.476585,46.421706,3.000000
2026-05-18T08:05:15.362604481Z,1000,per_hit,raw_percent_of_host,api-node1,api-node2,23,22,45,29.357798,3.508772,29.357798,7.017544,100.000000,50.000000,0.000000,18.000000,0.000000,0.000000,0.000000,18.000000,163.130435,354.944444,50.562543,50.000000,3.000000
2026-05-18T08:05:16.362603894Z,1000,per_hit,raw_percent_of_host,api-node1,api-node2,19,26,45,10.989011,6.315789,10.989011,12.631579,100.000000,50.000000,0.000000,25.000000,0.000000,0.000000,0.000000,25.000000,134.842105,367.444444,50.000000,53.722053,3.000000
2026-05-18T08:05:17.362604612Z,1000,per_hit,raw_percent_of_host,api-node1,api-node2,16,28,44,6.451613,18.367347,6.451613,36.734694,100.000000,50.000000,0.000000,18.000000,0.000000,0.000000,0.000000,18.000000,124.562500,450.342857,55.316241,57.020722,3.000000
2026-05-18T08:05:18.362604424Z,1000,per_hit,raw_percent_of_host,api-node1,api-node2,23,20,43,1.075269,13.265306,1.075269,26.530612,100.000000,50.000000,0.000000,3.000000,0.000000,0.000000,0.000000,3.000000,162.217391,315.228571,50.349240,48.300318,3.000000
2026-05-18T08:05:19.362604602Z,1000,per_hit,raw_percent_of_host,api-node1,api-node2,24,17,41,28.037383,15.686275,28.037383,31.372549,100.000000,50.000000,0.000000,7.000000,0.000000,0.000000,0.000000,7.000000,200.916667,275.923077,50.773075,46.614700,3.000000
2026-05-18T08:05:20.362604583Z,1000,per_hit,raw_percent_of_host,api-node1,api-node2,17,24,41,11.956522,13.402062,11.956522,26.804124,100.000000,50.000000,0.000000,18.000000,0.000000,0.000000,0.000000,18.000000,116.588235,328.307692,59.557288,45.478791,3.000000
2026-05-18T08:05:21.362604405Z,1000,per_hit,raw_percent_of_host,api-node1,api-node2,23,17,40,28.703704,18.269231,28.703704,36.538462,100.000000,50.000000,0.000000,5.000000,0.000000,0.000000,0.000000,5.000000,157.347826,342.200000,72.283199,48.598439,3.000000
2026-05-18T08:05:22.362605251Z,1000,per_hit,raw_percent_of_host,api-node1,api-node2,16,23,39,0.000000,13.402062,0.000000,26.804124,100.000000,50.000000,0.000000,15.000000,0.000000,0.000000,0.000000,15.000000,126.750000,293.769231,53.990667,71.610924,3.000000
2026-05-18T08:05:23.362610327Z,1000,per_hit,raw_percent_of_host,api-node1,api-node2,22,16,38,28.703704,16.666667,28.703704,33.333333,100.000000,50.000000,0.000000,0.000000,0.000000,0.000000,0.000000,0.000000,157.590909,294.709677,50.240478,58.490466,3.000000
2026-05-18T08:05:24.362603864Z,1000,per_hit,raw_percent_of_host,api-node1,api-node2,8,29,37,2.127660,8.247423,2.127660,16.494845,100.000000,50.000000,0.000000,21.000000,0.000000,0.000000,0.000000,21.000000,77.750000,268.875000,55.989578,78.038505,3.000000
2026-05-18T08:05:25.362603348Z,1000,per_hit,raw_percent_of_host,api-node1,api-node2,25,11,36,28.037383,17.647059,28.037383,35.294118,100.000000,50.000000,0.000000,0.000000,0.000000,0.000000,0.000000,0.000000,186.880000,320.437500,72.710760,40.500413,3.000000
2026-05-18T08:05:26.362604142Z,1000,per_hit,raw_percent_of_host,api-node1,api-node2,14,21,35,12.903226,8.247423,12.903226,16.494845,100.000000,50.000000,0.000000,13.000000,0.000000,0.000000,0.000000,13.000000,97.642857,202.375000,51.823505,77.883532,3.000000
2026-05-18T08:05:27.362602929Z,1000,per_hit,raw_percent_of_host,api-node1,api-node2,15,19,34,28.037383,17.647059,28.037383,35.294118,100.000000,50.000000,0.000000,3.000000,0.000000,0.000000,0.000000,3.000000,119.733333,289.571429,72.652942,44.267371,3.000000
2026-05-18T08:05:28.362602747Z,1000,per_hit,raw_percent_of_host,api-node1,api-node2,18,15,33,30.000000,19.417476,30.000000,38.834951,100.000000,50.000000,0.000000,0.000000,0.000000,0.000000,0.000000,0.000000,116.388889,157.944444,71.845342,51.521775,3.000000
2026-05-18T08:05:29.362609541Z,1000,per_hit,raw_percent_of_host,api-node1,api-node2,15,17,32,28.037383,17.475728,28.037383,34.951456,100.000000,50.000000,0.000000,1.000000,0.000000,0.000000,0.000000,1.000000,130.200000,165.375000,49.709695,71.283546,3.000000
2026-05-18T08:05:30.362607676Z,1000,per_hit,raw_percent_of_host,api-node1,api-node2,16,16,32,30.693069,15.151515,30.693069,30.303030,100.000000,50.000000,0.000000,1.000000,0.000000,0.000000,0.000000,1.000000,113.125000,216.375000,71.594911,49.701542,3.000000
2026-05-18T08:05:31.362606897Z,1000,per_hit,raw_percent_of_host,api-node1,api-node2,17,14,31,30.303030,16.000000,30.303030,32.000000,100.000000,50.000000,0.000000,0.000000,0.000000,0.000000,0.000000,0.000000,132.000000,143.400000,72.181502,49.604963,3.000000
2026-05-18T08:05:32.362607042Z,1000,per_hit,raw_percent_of_host,api-node1,api-node2,21,10,31,28.703704,14.141414,28.703704,28.282828,100.000000,50.000000,0.000000,0.000000,0.000000,0.000000,0.000000,0.000000,117.523810,155.500000,71.835008,49.666697,3.000000
2026-05-18T08:05:33.362602697Z,1000,per_hit,raw_percent_of_host,api-node1,api-node2,10,20,30,26.000000,17.821782,26.000000,35.643564,100.000000,50.000000,0.000000,1.000000,0.000000,0.000000,0.000000,1.000000,134.800000,166.421053,49.808873,72.940257,3.000000
2026-05-18T08:05:34.362604005Z,1000,per_hit,raw_percent_of_host,api-node1,api-node2,15,15,30,25.252525,14.141414,25.252525,28.282828,100.000000,50.000000,0.000000,1.000000,0.000000,0.000000,0.000000,1.000000,124.200000,195.866667,72.010456,49.675713,3.000000
2026-05-18T08:05:35.362602808Z,1000,per_hit,raw_percent_of_host,api-node1,api-node2,11,19,30,31.000000,18.181818,31.000000,36.363636,100.000000,50.000000,0.000000,1.000000,0.000000,0.000000,0.000000,1.000000,83.272727,216.578947,57.029824,66.520215,3.000000
2026-05-18T08:05:36.362603681Z,1000,per_hit,raw_percent_of_host,api-node1,api-node2,20,10,30,28.971963,18.446602,28.971963,36.893204,100.000000,50.000000,0.000000,0.000000,0.000000,0.000000,0.000000,0.000000,156.650000,142.909091,72.499458,49.686523,3.000000
2026-05-18T08:05:37.362603916Z,1000,per_hit,raw_percent_of_host,api-node1,api-node2,10,20,30,0.000000,6.315789,0.000000,12.631579,100.000000,50.000000,0.000000,8.000000,0.000000,0.000000,0.000000,8.000000,85.400000,212.583333,52.535971,74.743377,3.000000
2026-05-18T08:05:38.362602771Z,1000,per_hit,raw_percent_of_host,api-node1,api-node2,19,12,31,28.703704,17.821782,28.703704,35.643564,100.000000,50.000000,0.000000,0.000000,0.000000,0.000000,0.000000,0.000000,143.421053,214.000000,72.112538,52.584867,3.000000
2026-05-18T08:05:39.362607721Z,1000,per_hit,raw_percent_of_host,api-node1,api-node2,18,13,31,28.037383,17.647059,28.037383,35.294118,100.000000,50.000000,0.000000,3.000000,0.000000,0.000000,0.000000,3.000000,121.166667,180.800000,67.344129,54.489623,3.000000
2026-05-18T08:05:40.362602549Z,1000,per_hit,raw_percent_of_host,api-node1,api-node2,17,14,31,28.703704,16.831683,28.703704,33.663366,100.000000,50.000000,0.000000,0.000000,0.000000,0.000000,0.000000,0.000000,129.764706,179.588235,50.783871,64.301469,3.000000
2026-05-18T08:05:41.362603649Z,1000,per_hit,raw_percent_of_host,api-node1,api-node2,12,20,32,28.037383,17.475728,28.037383,34.951456,100.000000,50.000000,0.000000,12.000000,0.000000,0.000000,0.000000,12.000000,125.583333,246.125000,52.429352,78.104972,3.000000
2026-05-18T08:05:42.362608206Z,1000,per_hit,raw_percent_of_host,api-node1,api-node2,18,15,33,28.703704,14.000000,28.703704,28.000000,100.000000,50.000000,0.000000,1.000000,0.000000,0.000000,0.000000,1.000000,125.166667,251.615385,71.065073,46.428451,3.000000
2026-05-18T08:05:43.362607084Z,1000,per_hit,raw_percent_of_host,api-node1,api-node2,17,16,33,28.703704,17.647059,28.703704,35.294118,100.000000,50.000000,0.000000,1.000000,0.000000,0.000000,0.000000,1.000000,129.235294,191.250000,70.612114,64.124625,3.000000
2026-05-18T08:05:44.362604835Z,1000,per_hit,raw_percent_of_host,api-node1,api-node2,14,20,34,6.521739,12.500000,6.521739,25.000000,100.000000,50.000000,0.000000,5.000000,0.000000,0.000000,0.000000,5.000000,92.642857,201.625000,54.189904,63.516629,3.000000
2026-05-18T08:05:45.362602961Z,1000,per_hit,raw_percent_of_host,api-node1,api-node2,25,10,35,29.629630,15.151515,29.629630,30.303030,100.000000,50.000000,0.000000,1.000000,0.000000,0.000000,0.000000,1.000000,155.040000,197.142857,69.989031,41.304062,3.000000
2026-05-18T08:05:46.362603335Z,1000,per_hit,raw_percent_of_host,api-node1,api-node2,22,14,36,30.630631,15.151515,30.630631,30.303030,100.000000,50.000000,0.000000,1.000000,0.000000,0.000000,0.000000,1.000000,117.363636,215.785714,73.849759,47.547961,3.000000
2026-05-18T08:05:47.36260792Z,1000,per_hit,raw_percent_of_host,api-node1,api-node2,16,21,37,32.407407,16.831683,32.407407,33.663366,100.000000,50.000000,0.000000,0.000000,0.000000,0.000000,0.000000,0.000000,104.125000,198.772727,59.255353,58.655176,3.000000
2026-05-18T08:05:48.362602844Z,1000,per_hit,raw_percent_of_host,api-node1,api-node2,18,20,38,29.357798,20.192308,29.357798,40.384615,100.000000,50.000000,0.000000,4.000000,0.000000,0.000000,0.000000,4.000000,126.277778,156.812500,68.340771,51.385867,3.000000
2026-05-18T08:05:49.362605735Z,1000,per_hit,raw_percent_of_host,api-node1,api-node2,17,22,39,28.037383,17.475728,28.037383,34.951456,100.000000,50.000000,0.000000,7.000000,0.000000,0.000000,0.000000,7.000000,121.647059,258.052632,54.309341,67.492495,3.000000
2026-05-18T08:05:50.362603347Z,1000,per_hit,raw_percent_of_host,api-node1,api-node2,24,16,40,10.869565,14.000000,10.869565,28.000000,100.000000,50.000000,0.000000,1.000000,0.000000,0.000000,0.000000,1.000000,130.000000,222.545455,57.750043,37.362041,3.000000
2026-05-18T08:05:51.36260397Z,1000,per_hit,raw_percent_of_host,api-node1,api-node2,19,22,41,28.703704,14.141414,28.703704,28.282828,100.000000,50.000000,0.000000,5.000000,0.000000,0.000000,0.000000,5.000000,155.000000,131.333333,51.813544,56.059525,3.000000
2026-05-18T08:05:52.362603873Z,1000,per_hit,raw_percent_of_host,api-node1,api-node2,29,13,42,28.301887,15.151515,28.301887,30.303030,100.000000,50.000000,0.000000,7.000000,0.000000,0.000000,0.000000,7.000000,157.206897,156.545455,66.558152,40.557184,3.000000
2026-05-18T08:05:53.362603594Z,1000,per_hit,raw_percent_of_host,api-node1,api-node2,17,26,43,28.971963,19.230769,28.971963,38.461538,100.000000,50.000000,0.000000,19.000000,0.000000,0.000000,0.000000,19.000000,101.117647,200.571429,61.596259,63.977278,3.000000
2026-05-18T08:05:54.362604189Z,1000,per_hit,raw_percent_of_host,api-node1,api-node2,28,16,44,28.703704,16.161616,28.703704,32.323232,100.000000,50.000000,0.000000,5.000000,0.000000,0.000000,0.000000,5.000000,174.607143,300.200000,64.892230,45.723265,3.000000
2026-05-18T08:05:55.362602421Z,1000,per_hit,raw_percent_of_host,api-node1,api-node2,33,12,45,28.037383,16.000000,28.037383,32.000000,100.000000,50.000000,0.000000,4.000000,0.000000,0.000000,0.000000,4.000000,157.666667,153.384615,64.394990,43.096310,3.000000
2026-05-18T08:05:56.362603124Z,1000,per_hit,raw_percent_of_host,api-node1,api-node2,23,23,46,28.037383,15.686275,28.037383,31.372549,100.000000,50.000000,0.000000,11.000000,0.000000,0.000000,0.000000,11.000000,128.913043,154.500000,64.473719,50.306353,3.000000
2026-05-18T08:05:57.362603369Z,1000,per_hit,raw_percent_of_host,api-node1,api-node2,26,21,47,29.357798,15.000000,29.357798,30.000000,100.000000,50.000000,0.000000,10.000000,0.000000,0.000000,0.000000,10.000000,142.846154,192.681818,63.785020,47.199235,3.000000
2026-05-18T08:05:58.362606353Z,1000,per_hit,raw_percent_of_host,api-node1,api-node2,25,23,48,28.703704,20.202020,28.703704,40.404040,100.000000,50.000000,3.000000,11.000000,0.000000,0.000000,3.000000,11.000000,128.818182,240.090909,55.803850,49.286568,3.000000
2026-05-18T08:05:59.362604262Z,1000,per_hit,raw_percent_of_host,api-node1,api-node2,23,25,48,28.703704,13.402062,28.703704,26.804124,100.000000,50.000000,0.000000,15.000000,0.000000,0.000000,0.000000,15.000000,145.461538,219.047619,55.488040,43.410645,3.000000
2026-05-18T08:06:00.362605525Z,1000,per_hit,raw_percent_of_host,api-node1,api-node2,27,22,49,28.037383,16.000000,28.037383,32.000000,100.000000,50.000000,1.000000,11.000000,0.000000,0.000000,1.000000,11.000000,176.884615,188.692308,65.986330,52.869050,3.000000
2026-05-18T08:06:01.362605054Z,1000,per_hit,raw_percent_of_host,api-node1,api-node2,29,20,49,16.304348,17.475728,16.304348,34.951456,100.000000,50.000000,8.000000,3.000000,0.000000,0.000000,8.000000,3.000000,139.863636,189.392857,54.687516,55.756443,3.000000
2026-05-18T08:06:02.362605175Z,1000,per_hit,raw_percent_of_host,api-node1,api-node2,25,25,50,28.260870,6.315789,28.260870,12.631579,100.000000,50.000000,1.000000,13.000000,0.000000,0.000000,1.000000,13.000000,154.656250,235.066667,54.660992,49.756197,3.000000
2026-05-18T08:06:03.362603829Z,1000,per_hit,raw_percent_of_host,api-node1,api-node2,34,16,50,28.301887,20.202020,28.301887,40.404040,100.000000,50.000000,3.000000,5.000000,0.000000,0.000000,3.000000,5.000000,156.468750,235.166667,60.608137,38.874484,3.000000
2026-05-18T08:06:04.362604548Z,1000,per_hit,raw_percent_of_host,api-node1,api-node2,25,25,50,28.703704,17.647059,28.703704,35.294118,100.000000,50.000000,0.000000,12.000000,0.000000,0.000000,0.000000,12.000000,161.071429,132.388889,53.672870,59.898866,3.000000
2026-05-18T08:06:05.362603543Z,1000,per_hit,raw_percent_of_host,api-node1,api-node2,31,19,50,29.629630,18.556701,29.629630,37.113402,100.000000,50.000000,2.000000,6.000000,0.000000,0.000000,2.000000,6.000000,137.827586,215.400000,65.688754,40.308669,3.000000
2026-05-18T08:06:06.362603586Z,1000,per_hit,raw_percent_of_host,api-node1,api-node2,27,23,50,32.558140,17.708333,32.558140,35.416667,100.000000,50.000000,2.000000,8.000000,0.000000,0.000000,2.000000,8.000000,140.925926,232.142857,62.587886,52.122456,3.000000
2026-05-18T08:06:07.362603444Z,1000,per_hit,raw_percent_of_host,api-node1,api-node2,26,24,50,28.703704,8.641975,28.703704,17.283951,100.000000,50.000000,2.000000,14.000000,0.000000,0.000000,2.000000,14.000000,177.038462,189.500000,62.482745,49.784191,3.000000
2026-05-18T08:06:08.36260336Z,1000,per_hit,raw_percent_of_host,api-node1,api-node2,27,22,49,28.260870,18.367347,28.260870,36.734694,100.000000,50.000000,3.000000,10.000000,0.000000,0.000000,3.000000,10.000000,146.038462,248.461538,61.115108,38.918863,3.000000
2026-05-18T08:06:09.36260301Z,1000,per_hit,raw_percent_of_host,api-node1,api-node2,26,23,49,28.037383,19.230769,28.037383,38.461538,100.000000,50.000000,2.000000,11.000000,0.000000,0.000000,2.000000,11.000000,147.592593,184.909091,57.609244,43.010926,3.000000
2026-05-18T08:06:10.362603982Z,1000,per_hit,raw_percent_of_host,api-node1,api-node2,20,29,49,22.826087,17.894737,22.826087,35.789474,100.000000,50.000000,0.000000,13.000000,0.000000,0.000000,0.000000,13.000000,131.681818,222.851852,45.185287,53.106761,3.000000
2026-05-18T08:06:11.362603612Z,1000,per_hit,raw_percent_of_host,api-node1,api-node2,30,19,49,29.357798,17.821782,29.357798,35.643564,100.000000,50.000000,0.000000,7.000000,0.000000,0.000000,0.000000,7.000000,153.733333,251.440000,66.750423,48.155642,3.000000
2026-05-18T08:06:12.362603198Z,1000,per_hit,raw_percent_of_host,api-node1,api-node2,24,24,48,28.703704,19.191919,28.703704,38.383838,100.000000,50.000000,8.000000,6.000000,0.000000,0.000000,8.000000,6.000000,115.500000,203.120000,64.519304,52.765426,3.000000
2026-05-18T08:06:13.36260691Z,1000,per_hit,raw_percent_of_host,api-node1,api-node2,23,23,46,29.357798,18.446602,29.357798,36.893204,100.000000,50.000000,1.000000,9.000000,0.000000,0.000000,1.000000,9.000000,151.066667,181.700000,66.747995,48.724768,3.000000
2026-05-18T08:06:14.362603082Z,1000,per_hit,raw_percent_of_host,api-node1,api-node2,30,17,47,28.703704,17.647059,28.703704,35.294118,100.000000,50.000000,1.000000,4.000000,0.000000,0.000000,1.000000,4.000000,142.033333,194.909091,60.086596,39.905796,3.000000
2026-05-18T08:06:15.362605506Z,1000,per_hit,raw_percent_of_host,api-node1,api-node2,22,23,45,28.971963,8.247423,28.971963,16.494845,100.000000,50.000000,1.000000,14.000000,0.000000,0.000000,1.000000,14.000000,118.681818,174.076923,63.603553,51.722562,3.000000
2026-05-18T08:06:16.362604768Z,1000,per_hit,raw_percent_of_host,api-node1,api-node2,20,25,45,28.971963,16.504854,28.971963,33.009709,100.000000,50.000000,1.000000,15.000000,0.000000,0.000000,1.000000,15.000000,97.950000,259.250000,73.617046,64.711345,3.000000
2026-05-18T08:06:17.362604742Z,1000,per_hit,raw_percent_of_host,api-node1,api-node2,20,23,43,28.703704,16.666667,28.703704,33.333333,100.000000,50.000000,1.000000,6.000000,0.000000,0.000000,1.000000,6.000000,149.600000,298.343750,61.773422,55.665346,3.000000
2026-05-18T08:06:18.36260446Z,1000,per_hit,raw_percent_of_host,api-node1,api-node2,21,22,43,28.971963,17.475728,28.971963,34.951456,100.000000,50.000000,0.000000,13.000000,0.000000,0.000000,0.000000,13.000000,145.681818,169.928571,59.771154,55.619678,3.000000
2026-05-18T08:06:19.362602438Z,1000,per_hit,raw_percent_of_host,api-node1,api-node2,22,19,41,34.482759,15.151515,34.482759,30.303030,100.000000,50.000000,2.000000,1.000000,0.000000,0.000000,2.000000,1.000000,105.800000,245.129032,61.079451,53.137581,3.000000
2026-05-18T08:06:20.362603844Z,1000,per_hit,raw_percent_of_host,api-node1,api-node2,23,18,41,28.037383,12.000000,28.037383,24.000000,100.000000,50.000000,1.000000,5.000000,0.000000,0.000000,1.000000,5.000000,134.541667,198.357143,64.697846,48.431294,3.000000
2026-05-18T08:06:21.362605603Z,1000,per_hit,raw_percent_of_host,api-node1,api-node2,19,21,40,29.629630,17.821782,29.629630,35.643564,100.000000,50.000000,1.000000,6.000000,0.000000,0.000000,1.000000,6.000000,145.789474,185.250000,64.083326,41.816645,3.000000
2026-05-18T08:06:22.362603987Z,1000,per_hit,raw_percent_of_host,api-node1,api-node2,21,18,39,28.971963,16.666667,28.971963,33.333333,100.000000,50.000000,0.000000,10.000000,0.000000,0.000000,0.000000,10.000000,170.318182,180.076923,62.512919,49.661772,3.000000
2026-05-18T08:06:23.362602796Z,1000,per_hit,raw_percent_of_host,api-node1,api-node2,22,16,38,28.703704,16.000000,28.703704,32.000000,100.000000,50.000000,0.000000,3.000000,0.000000,0.000000,0.000000,3.000000,125.500000,171.478261,69.467126,48.689111,3.000000
2026-05-18T08:06:24.362604414Z,1000,per_hit,raw_percent_of_host,api-node1,api-node2,15,22,37,11.956522,20.000000,11.956522,40.000000,100.000000,50.000000,0.000000,10.000000,0.000000,0.000000,0.000000,10.000000,74.133333,172.933333,60.804557,53.257668,3.000000
2026-05-18T08:06:25.3626034Z,1000,per_hit,raw_percent_of_host,api-node1,api-node2,20,16,36,28.037383,13.402062,28.037383,26.804124,100.000000,50.000000,0.000000,3.000000,0.000000,0.000000,0.000000,3.000000,127.850000,233.086957,68.439018,41.965589,3.000000
2026-05-18T08:06:26.362603567Z,1000,per_hit,raw_percent_of_host,api-node1,api-node2,19,16,35,29.629630,16.666667,29.629630,33.333333,100.000000,50.000000,0.000000,4.000000,0.000000,0.000000,0.000000,4.000000,134.210526,212.933333,68.497793,48.839650,3.000000
2026-05-18T08:06:27.362602975Z,1000,per_hit,raw_percent_of_host,api-node1,api-node2,16,18,34,28.282828,17.647059,28.282828,35.294118,100.000000,50.000000,0.000000,6.000000,0.000000,0.000000,0.000000,6.000000,68.562500,206.687500,61.741155,58.113573,3.000000
2026-05-18T08:06:28.362604079Z,1000,per_hit,raw_percent_of_host,api-node1,api-node2,15,18,33,28.703704,17.647059,28.703704,35.294118,100.000000,50.000000,0.000000,5.000000,0.000000,0.000000,0.000000,5.000000,76.533333,242.052632,74.411498,49.285547,3.000000
2026-05-18T08:06:29.362604124Z,1000,per_hit,raw_percent_of_host,api-node1,api-node2,19,13,32,28.703704,15.151515,28.703704,30.303030,100.000000,50.000000,0.000000,3.000000,0.000000,0.000000,0.000000,3.000000,126.210526,192.733333,68.413962,64.602494,3.000000
2026-05-18T08:06:30.362602888Z,1000,per_hit,raw_percent_of_host,api-node1,api-node2,23,9,32,29.357798,17.647059,29.357798,35.294118,100.000000,50.000000,0.000000,1.000000,0.000000,0.000000,0.000000,1.000000,141.434783,135.909091,71.638374,43.005568,3.000000
2026-05-18T08:06:31.362610759Z,1000,per_hit,raw_percent_of_host,api-node1,api-node2,21,10,31,28.703704,15.151515,28.703704,30.303030,100.000000,50.000000,0.000000,1.000000,0.000000,0.000000,0.000000,1.000000,119.761905,105.100000,70.158095,67.214655,3.000000
2026-05-18T08:06:32.362602788Z,1000,per_hit,raw_percent_of_host,api-node1,api-node2,16,15,31,30.000000,18.446602,30.000000,36.893204,100.000000,50.000000,0.000000,2.000000,0.000000,0.000000,0.000000,2.000000,78.875000,224.000000,75.535250,46.176346,3.000000
2026-05-18T08:06:33.362606412Z,1000,per_hit,raw_percent_of_host,api-node1,api-node2,17,13,30,28.703704,16.000000,28.703704,32.000000,100.000000,50.000000,0.000000,2.000000,0.000000,0.000000,0.000000,2.000000,118.941176,115.461538,70.156348,56.631833,3.000000
2026-05-18T08:06:34.362603066Z,1000,per_hit,raw_percent_of_host,api-node1,api-node2,17,13,30,28.037383,16.000000,28.037383,32.000000,100.000000,50.000000,0.000000,1.000000,0.000000,0.000000,0.000000,1.000000,98.235294,147.714286,75.877328,47.130845,3.000000
2026-05-18T08:06:35.36260255Z,1000,per_hit,raw_percent_of_host,api-node1,api-node2,17,13,30,28.703704,16.000000,28.703704,32.000000,100.000000,50.000000,0.000000,0.000000,0.000000,0.000000,0.000000,0.000000,85.588235,138.785714,73.978170,49.830841,3.000000
2026-05-18T08:06:36.362602774Z,1000,per_hit,raw_percent_of_host,api-node1,api-node2,19,11,30,28.037383,15.151515,28.037383,30.303030,100.000000,50.000000,2.000000,0.000000,0.000000,0.000000,2.000000,0.000000,126.562500,143.909091,71.887363,49.931664,3.000000
2026-05-18T08:06:37.362602807Z,1000,per_hit,raw_percent_of_host,api-node1,api-node2,12,18,30,21.782178,17.647059,21.782178,35.294118,100.000000,50.000000,0.000000,1.000000,0.000000,0.000000,0.000000,1.000000,100.000000,164.117647,56.083995,64.883392,3.000000
2026-05-18T08:06:38.36260782Z,1000,per_hit,raw_percent_of_host,api-node1,api-node2,17,14,31,28.703704,16.000000,28.703704,32.000000,100.000000,50.000000,0.000000,3.000000,0.000000,0.000000,0.000000,3.000000,128.764706,129.500000,64.231771,53.053485,3.000000
2026-05-18T08:06:39.362606619Z,1000,per_hit,raw_percent_of_host,api-node1,api-node2,23,8,31,29.357798,16.000000,29.357798,32.000000,100.000000,50.000000,1.000000,0.000000,0.000000,0.000000,1.000000,0.000000,128.454545,140.181818,68.113682,42.923005,3.000000
2026-05-18T08:06:40.362602767Z,1000,per_hit,raw_percent_of_host,api-node1,api-node2,22,10,32,29.357798,15.151515,29.357798,30.303030,100.000000,50.000000,1.000000,4.000000,0.000000,0.000000,1.000000,4.000000,112.272727,102.833333,64.736368,56.479144,3.000000
2026-05-18T08:06:41.362604916Z,1000,per_hit,raw_percent_of_host,api-node1,api-node2,12,20,32,27.450980,16.000000,27.450980,32.000000,100.000000,50.000000,1.000000,6.000000,0.000000,0.000000,1.000000,6.000000,89.916667,215.888889,61.346184,51.749618,3.000000
2026-05-18T08:06:42.362603585Z,1000,per_hit,raw_percent_of_host,api-node1,api-node2,12,20,32,27.184466,16.831683,27.184466,33.663366,100.000000,50.000000,0.000000,9.000000,0.000000,0.000000,0.000000,9.000000,83.538462,260.705882,61.124839,54.469051,3.000000
2026-05-18T08:06:43.3626034Z,1000,per_hit,raw_percent_of_host,api-node1,api-node2,22,14,36,31.250000,16.000000,31.250000,32.000000,100.000000,50.000000,2.000000,2.000000,0.000000,0.000000,2.000000,2.000000,100.578947,179.523810,67.375578,46.065474,3.000000
2026-05-18T08:06:44.362604686Z,1000,per_hit,raw_percent_of_host,api-node1,api-node2,14,20,34,24.000000,18.446602,24.000000,36.893204,100.000000,50.000000,0.000000,6.000000,0.000000,0.000000,0.000000,6.000000,88.500000,196.250000,61.437214,56.105002,3.000000
2026-05-18T08:06:45.362605575Z,1000,per_hit,raw_percent_of_host,api-node1,api-node2,18,17,35,28.703704,16.000000,28.703704,32.000000,100.000000,50.000000,3.000000,3.000000,0.000000,0.000000,3.000000,3.000000,93.800000,165.850000,66.971336,46.605396,3.000000
2026-05-18T08:06:46.362603747Z,1000,per_hit,raw_percent_of_host,api-node1,api-node2,14,22,36,28.037383,17.475728,28.037383,34.951456,100.000000,50.000000,0.000000,6.000000,0.000000,0.000000,0.000000,6.000000,99.117647,174.210526,50.248761,55.655978,3.000000
2026-05-18T08:06:47.362602983Z,1000,per_hit,raw_percent_of_host,api-node1,api-node2,21,16,37,31.683168,13.000000,31.683168,26.000000,100.000000,50.000000,0.000000,5.000000,0.000000,0.000000,0.000000,5.000000,74.000000,130.588235,74.442165,60.019367,3.000000
2026-05-18T08:06:48.36260805Z,1000,per_hit,raw_percent_of_host,api-node1,api-node2,25,13,38,28.703704,16.831683,28.703704,33.663366,100.000000,50.000000,3.000000,5.000000,0.000000,0.000000,3.000000,5.000000,107.136364,176.230769,65.934983,37.664068,3.000000
2026-05-18T08:06:49.362604553Z,1000,per_hit,raw_percent_of_host,api-node1,api-node2,28,11,39,28.703704,15.151515,28.703704,30.303030,100.000000,50.000000,6.000000,2.000000,0.000000,0.000000,6.000000,2.000000,106.200000,121.928571,62.734999,51.269644,3.000000
2026-05-18T08:06:50.362603847Z,1000,per_hit,raw_percent_of_host,api-node1,api-node2,22,18,40,28.037383,15.000000,28.037383,30.000000,100.000000,50.000000,9.000000,5.000000,0.000000,0.000000,9.000000,5.000000,111.736842,165.866667,54.170623,58.528503,3.000000
2026-05-18T08:06:51.3626029Z,1000,per_hit,raw_percent_of_host,api-node1,api-node2,26,15,41,28.037383,15.151515,28.037383,30.303030,100.000000,50.000000,8.000000,7.000000,0.000000,0.000000,8.000000,7.000000,148.259259,136.769231,53.496837,45.432557,3.000000
2026-05-18T08:06:52.362602499Z,1000,per_hit,raw_percent_of_host,api-node1,api-node2,24,18,42,28.703704,15.000000,28.703704,30.000000,100.000000,50.000000,6.000000,8.000000,0.000000,0.000000,6.000000,8.000000,128.346154,148.352941,61.717287,38.997139,3.000000
2026-05-18T08:06:53.362604076Z,1000,per_hit,raw_percent_of_host,api-node1,api-node2,22,21,43,28.703704,25.000000,28.703704,50.000000,100.000000,50.000000,5.000000,9.000000,0.000000,0.000000,5.000000,9.000000,120.565217,148.900000,47.737370,44.507638,3.000000
2026-05-18T08:06:54.362603283Z,1000,per_hit,raw_percent_of_host,api-node1,api-node2,28,16,44,27.956989,15.151515,27.956989,30.303030,100.000000,50.000000,9.000000,10.000000,0.000000,0.000000,9.000000,10.000000,132.708333,171.600000,54.036134,38.320384,3.000000
2026-05-18T08:06:55.362602801Z,1000,per_hit,raw_percent_of_host,api-node1,api-node2,21,24,45,28.971963,16.000000,28.971963,32.000000,100.000000,50.000000,7.000000,10.000000,0.000000,0.000000,7.000000,10.000000,131.304348,152.500000,54.393947,49.996606,3.000000
2026-05-18T08:06:56.36260374Z,1000,per_hit,raw_percent_of_host,api-node1,api-node2,23,23,46,28.971963,16.161616,28.971963,32.323232,100.000000,50.000000,7.000000,11.000000,0.000000,0.000000,7.000000,11.000000,109.478261,166.363636,50.189508,48.813578,3.000000
2026-05-18T08:06:57.362603728Z,1000,per_hit,raw_percent_of_host,api-node1,api-node2,25,22,47,29.411765,16.161616,29.411765,32.323232,100.000000,50.000000,13.000000,6.000000,0.000000,0.000000,13.000000,6.000000,103.842105,192.296296,60.615383,48.890125,3.000000
2026-05-18T08:06:58.362602559Z,1000,per_hit,raw_percent_of_host,api-node1,api-node2,26,22,48,28.703704,14.285714,28.703704,28.571429,100.000000,50.000000,11.000000,8.000000,0.000000,0.000000,11.000000,8.000000,124.142857,147.300000,56.305461,56.073725,3.000000
2026-05-18T08:06:59.362602596Z,1000,per_hit,raw_percent_of_host,api-node1,api-node2,24,24,48,29.411765,16.000000,29.411765,32.000000,100.000000,50.000000,10.000000,8.000000,0.000000,0.000000,10.000000,8.000000,121.560000,174.291667,59.146932,50.888097,3.000000
2026-05-18T08:07:00.362603579Z,1000,per_hit,raw_percent_of_host,api-node1,api-node2,25,24,49,24.000000,21.782178,24.000000,43.564356,100.000000,50.000000,11.000000,9.000000,0.000000,0.000000,11.000000,9.000000,124.958333,150.739130,54.584134,47.639993,3.000000
2026-05-18T08:07:01.362602657Z,1000,per_hit,raw_percent_of_host,api-node1,api-node2,29,20,49,31.000000,18.446602,31.000000,36.893204,100.000000,50.000000,15.000000,6.000000,0.000000,0.000000,15.000000,6.000000,112.080000,180.695652,55.833501,36.307133,3.000000
2026-05-18T08:07:02.36260329Z,1000,per_hit,raw_percent_of_host,api-node1,api-node2,24,26,50,31.000000,17.708333,31.000000,35.416667,100.000000,50.000000,12.000000,13.000000,0.000000,0.000000,12.000000,13.000000,129.333333,125.894737,58.120326,51.010747,3.000000
2026-05-18T08:07:03.362602603Z,1000,per_hit,raw_percent_of_host,api-node1,api-node2,29,21,50,29.629630,16.161616,29.629630,32.323232,100.000000,50.000000,14.000000,8.000000,0.000000,0.000000,14.000000,8.000000,110.185185,191.000000,60.513860,41.643332,3.000000
2026-05-18T08:07:04.362602579Z,1000,per_hit,raw_percent_of_host,api-node1,api-node2,29,21,50,28.703704,15.151515,28.703704,30.303030,100.000000,50.000000,15.000000,8.000000,0.000000,0.000000,15.000000,8.000000,145.928571,160.190476,65.187075,41.126154,3.000000
2026-05-18T08:07:05.362602448Z,1000,per_hit,raw_percent_of_host,api-node1,api-node2,32,18,50,28.703704,12.121212,28.703704,24.242424,100.000000,50.000000,12.000000,11.000000,0.000000,0.000000,12.000000,11.000000,147.714286,133.000000,46.769991,52.121675,3.000000
2026-05-18T08:07:06.362609254Z,1000,per_hit,raw_percent_of_host,api-node1,api-node2,31,19,50,28.703704,17.647059,28.703704,35.294118,100.000000,50.000000,14.000000,6.000000,0.000000,0.000000,14.000000,6.000000,117.172414,172.166667,66.588026,37.507718,3.000000
2026-05-18T08:07:07.362602663Z,1000,per_hit,raw_percent_of_host,api-node1,api-node2,29,21,50,29.629630,15.151515,29.629630,30.303030,100.000000,50.000000,11.000000,11.000000,0.000000,0.000000,11.000000,11.000000,130.156250,149.687500,52.839008,43.653229,3.000000
2026-05-18T08:07:08.36260456Z,1000,per_hit,raw_percent_of_host,api-node1,api-node2,29,20,49,21.739130,16.161616,21.739130,32.323232,100.000000,50.000000,13.000000,9.000000,0.000000,0.000000,13.000000,9.000000,107.777778,166.818182,59.876703,44.537882,3.000000
2026-05-18T08:07:09.362603792Z,1000,per_hit,raw_percent_of_host,api-node1,api-node2,25,23,48,28.703704,15.151515,28.703704,30.303030,100.000000,50.000000,6.000000,14.000000,0.000000,0.000000,6.000000,14.000000,148.343750,140.055556,48.659598,48.911059,3.000000
2026-05-18T08:07:10.362605025Z,1000,per_hit,raw_percent_of_host,api-node1,api-node2,31,19,50,26.000000,26.470588,26.000000,52.941176,100.000000,50.000000,10.000000,10.000000,0.000000,0.000000,10.000000,10.000000,110.296296,219.434783,53.367402,44.855866,3.000000
2026-05-18T08:07:11.36260624Z,1000,per_hit,raw_percent_of_host,api-node1,api-node2,24,24,48,28.037383,16.831683,28.037383,33.663366,100.000000,50.000000,11.000000,9.000000,0.000000,0.000000,11.000000,9.000000,88.782609,164.840000,62.464939,42.169891,3.000000
2026-05-18T08:07:12.362603142Z,1000,per_hit,raw_percent_of_host,api-node1,api-node2,30,18,48,22.580645,15.151515,22.580645,30.303030,100.000000,50.000000,14.000000,6.000000,0.000000,0.000000,14.000000,6.000000,109.629630,150.666667,58.374828,48.628017,3.000000
2026-05-18T08:07:13.362608073Z,1000,per_hit,raw_percent_of_host,api-node1,api-node2,25,22,47,28.971963,15.151515,28.971963,30.303030,100.000000,50.000000,9.000000,8.000000,0.000000,0.000000,9.000000,8.000000,126.566667,124.200000,64.546582,50.884110,3.000000
2026-05-18T08:07:14.362602657Z,1000,per_hit,raw_percent_of_host,api-node1,api-node2,25,21,46,28.703704,16.000000,28.703704,32.000000,100.000000,50.000000,5.000000,10.000000,0.000000,0.000000,5.000000,10.000000,109.931034,148.105263,64.963042,51.231983,3.000000
2026-05-18T08:07:15.362603792Z,1000,per_hit,raw_percent_of_host,api-node1,api-node2,24,21,45,26.262626,17.647059,26.262626,35.294118,100.000000,50.000000,10.000000,11.000000,0.000000,0.000000,10.000000,11.000000,105.157895,154.000000,59.633092,42.117884,3.000000
2026-05-18T08:07:16.362605214Z,1000,per_hit,raw_percent_of_host,api-node1,api-node2,23,22,45,28.971963,18.446602,28.971963,36.893204,100.000000,50.000000,6.000000,10.000000,0.000000,0.000000,6.000000,10.000000,113.444444,168.347826,63.991048,47.303893,3.000000
2026-05-18T08:07:17.36260279Z,1000,per_hit,raw_percent_of_host,api-node1,api-node2,25,19,44,28.703704,15.151515,28.703704,30.303030,100.000000,50.000000,8.000000,5.000000,0.000000,0.000000,8.000000,5.000000,87.478261,175.750000,61.323652,39.206695,3.000000
2026-05-18T08:07:18.362602498Z,1000,per_hit,raw_percent_of_host,api-node1,api-node2,22,21,43,28.037383,19.230769,28.037383,38.461538,100.000000,50.000000,5.000000,11.000000,0.000000,0.000000,5.000000,11.000000,120.960000,122.600000,50.369167,48.949857,3.000000
2026-05-18T08:07:19.362603648Z,1000,per_hit,raw_percent_of_host,api-node1,api-node2,24,18,42,28.260870,16.842105,28.260870,33.684211,100.000000,50.000000,5.000000,7.000000,0.000000,0.000000,5.000000,7.000000,94.166667,187.363636,67.664986,41.973240,3.000000
2026-05-18T08:07:20.362602522Z,1000,per_hit,raw_percent_of_host,api-node1,api-node2,21,20,41,28.703704,15.151515,28.703704,30.303030,100.000000,50.000000,6.000000,7.000000,0.000000,0.000000,6.000000,7.000000,102.950000,187.850000,60.064467,38.392408,3.000000
2026-05-18T08:07:21.362603257Z,1000,per_hit,raw_percent_of_host,api-node1,api-node2,23,17,40,28.703704,15.151515,28.703704,30.303030,100.000000,50.000000,4.000000,8.000000,0.000000,0.000000,4.000000,8.000000,117.000000,151.187500,53.013076,43.042123,3.000000
2026-05-18T08:07:22.3626063Z,1000,per_hit,raw_percent_of_host,api-node1,api-node2,21,17,38,28.703704,18.446602,28.703704,36.893204,100.000000,50.000000,10.000000,3.000000,0.000000,0.000000,10.000000,3.000000,107.733333,223.363636,61.489291,55.566095,3.000000
2026-05-18T08:07:23.362603481Z,1000,per_hit,raw_percent_of_host,api-node1,api-node2,17,20,37,28.703704,15.151515,28.703704,30.303030,100.000000,50.000000,3.000000,8.000000,0.000000,0.000000,3.000000,8.000000,140.791667,123.600000,42.954616,57.045063,3.000000
2026-05-18T08:07:24.362605564Z,1000,per_hit,raw_percent_of_host,api-node1,api-node2,26,10,36,28.037383,15.151515,28.037383,30.303030,100.000000,50.000000,8.000000,1.000000,0.000000,0.000000,8.000000,1.000000,98.714286,135.529412,56.065584,42.666921,3.000000
2026-05-18T08:07:25.362608516Z,1000,per_hit,raw_percent_of_host,api-node1,api-node2,18,17,35,28.846154,15.151515,28.846154,30.303030,100.000000,50.000000,4.000000,3.000000,0.000000,0.000000,4.000000,3.000000,87.590909,132.200000,69.728456,64.130450,3.000000
2026-05-18T08:07:26.362606053Z,1000,per_hit,raw_percent_of_host,api-node1,api-node2,19,16,35,28.971963,15.000000,28.971963,30.000000,100.000000,50.000000,2.000000,7.000000,0.000000,0.000000,2.000000,7.000000,131.095238,113.666667,54.633454,42.488910,3.000000
2026-05-18T08:07:27.362605059Z,1000,per_hit,raw_percent_of_host,api-node1,api-node2,17,17,34,29.906542,16.161616,29.906542,32.323232,100.000000,50.000000,2.000000,7.000000,0.000000,0.000000,2.000000,7.000000,82.941176,147.000000,58.131925,55.574884,3.000000
2026-05-18T08:07:28.362604843Z,1000,per_hit,raw_percent_of_host,api-node1,api-node2,15,18,33,28.971963,16.000000,28.971963,32.000000,100.000000,50.000000,1.000000,6.000000,0.000000,0.000000,1.000000,6.000000,72.125000,132.947368,60.860521,54.722371,3.000000
2026-05-18T08:07:29.36260302Z,1000,per_hit,raw_percent_of_host,api-node1,api-node2,21,11,32,23.913043,15.151515,23.913043,30.303030,100.000000,50.000000,7.000000,5.000000,0.000000,0.000000,7.000000,5.000000,101.066667,130.500000,68.666717,46.419493,3.000000
2026-05-18T08:07:30.362607084Z,1000,per_hit,raw_percent_of_host,api-node1,api-node2,20,12,32,29.629630,16.000000,29.629630,32.000000,100.000000,50.000000,2.000000,4.000000,0.000000,0.000000,2.000000,4.000000,104.920000,108.384615,69.120542,58.625759,3.000000
2026-05-18T08:07:31.362602713Z,1000,per_hit,raw_percent_of_host,api-node1,api-node2,13,17,30,20.000000,15.151515,20.000000,30.303030,100.000000,50.000000,2.000000,6.000000,0.000000,0.000000,2.000000,6.000000,78.538462,119.466667,71.838697,45.593044,3.000000
2026-05-18T08:07:32.36260271Z,1000,per_hit,raw_percent_of_host,api-node1,api-node2,15,16,31,26.732673,15.000000,26.732673,30.000000,100.000000,50.000000,2.000000,5.000000,0.000000,0.000000,2.000000,5.000000,67.133333,124.058824,69.191897,55.551460,3.000000
2026-05-18T08:07:33.362606264Z,1000,per_hit,raw_percent_of_host,api-node1,api-node2,16,14,30,29.000000,11.000000,29.000000,22.000000,100.000000,50.000000,1.000000,7.000000,0.000000,0.000000,1.000000,7.000000,72.176471,104.833333,71.606448,58.443707,3.000000
2026-05-18T08:07:34.362607189Z,1000,per_hit,raw_percent_of_host,api-node1,api-node2,17,13,30,23.762376,15.841584,23.762376,31.683168,100.000000,50.000000,2.000000,5.000000,0.000000,0.000000,2.000000,5.000000,75.750000,122.200000,73.746805,60.016954,3.000000
2026-05-18T08:07:35.362606285Z,1000,per_hit,raw_percent_of_host,api-node1,api-node2,14,17,31,23.232323,15.151515,23.232323,30.303030,100.000000,50.000000,2.000000,7.000000,0.000000,0.000000,2.000000,7.000000,86.285714,117.533333,66.971828,49.761114,3.000000
2026-05-18T08:07:36.362604542Z,1000,per_hit,raw_percent_of_host,api-node1,api-node2,14,16,30,21.782178,15.151515,21.782178,30.303030,100.000000,50.000000,2.000000,4.000000,0.000000,0.000000,2.000000,4.000000,64.214286,133.315789,73.651740,43.680229,3.000000
2026-05-18T08:07:37.362602635Z,1000,per_hit,raw_percent_of_host,api-node1,api-node2,17,13,30,30.303030,15.151515,30.303030,30.303030,100.000000,50.000000,0.000000,7.000000,0.000000,0.000000,0.000000,7.000000,92.526316,99.200000,66.645819,53.594969,3.000000
2026-05-18T08:07:38.362602816Z,1000,per_hit,raw_percent_of_host,api-node1,api-node2,16,13,29,28.703704,15.151515,28.703704,30.303030,100.000000,50.000000,2.000000,5.000000,0.000000,0.000000,2.000000,5.000000,92.785714,123.600000,72.036059,59.515023,3.000000
2026-05-18T08:07:39.362603148Z,1000,per_hit,raw_percent_of_host,api-node1,api-node2,18,14,32,24.000000,16.000000,24.000000,32.000000,100.000000,50.000000,4.000000,3.000000,0.000000,0.000000,4.000000,3.000000,68.250000,120.562500,69.226560,56.732446,3.000000
2026-05-18T08:07:40.362604419Z,1000,per_hit,raw_percent_of_host,api-node1,api-node2,12,18,30,25.252525,16.000000,25.252525,32.000000,100.000000,50.000000,1.000000,5.000000,0.000000,0.000000,1.000000,5.000000,76.866667,90.000000,60.577397,55.677595,3.000000
2026-05-18T08:07:41.362603319Z,1000,per_hit,raw_percent_of_host,api-node1,api-node2,20,12,32,29.126214,14.851485,29.126214,29.702970,100.000000,50.000000,3.000000,4.000000,0.000000,0.000000,3.000000,4.000000,84.500000,117.384615,64.316574,50.670143,3.000000
2026-05-18T08:07:42.362606373Z,1000,per_hit,raw_percent_of_host,api-node1,api-node2,20,12,32,28.971963,16.000000,28.971963,32.000000,100.000000,50.000000,5.000000,3.000000,0.000000,0.000000,5.000000,3.000000,101.555556,112.769231,50.126167,58.534188,3.000000
2026-05-18T08:07:43.362602568Z,1000,per_hit,raw_percent_of_host,api-node1,api-node2,24,8,32,16.161616,10.101010,16.161616,20.202020,100.000000,50.000000,12.000000,1.000000,0.000000,0.000000,12.000000,1.000000,100.117647,117.000000,62.513625,44.457012,3.000000
2026-05-18T08:07:44.362606511Z,1000,per_hit,raw_percent_of_host,api-node1,api-node2,19,15,34,28.712871,10.101010,28.712871,20.202020,100.000000,50.000000,3.000000,5.000000,0.000000,0.000000,3.000000,5.000000,120.250000,87.818182,58.280244,63.721747,3.000000
2026-05-18T08:07:45.362602684Z,1000,per_hit,raw_percent_of_host,api-node1,api-node2,25,10,35,28.301887,5.050505,28.301887,10.101010,100.000000,50.000000,4.000000,4.000000,0.000000,0.000000,4.000000,4.000000,95.375000,131.545455,63.113291,54.445776,3.000000
2026-05-18T08:07:46.362605183Z,1000,per_hit,raw_percent_of_host,api-node1,api-node2,23,12,35,27.272727,11.111111,27.272727,22.222222,100.000000,50.000000,3.000000,3.000000,0.000000,0.000000,3.000000,3.000000,102.500000,116.153846,61.940731,56.157102,3.000000
2026-05-18T08:07:47.362602704Z,1000,per_hit,raw_percent_of_host,api-node1,api-node2,20,16,36,32.000000,10.101010,32.000000,20.202020,100.000000,50.000000,3.000000,4.000000,0.000000,0.000000,3.000000,4.000000,99.600000,114.800000,60.716489,52.936547,3.000000
2026-05-18T08:07:48.362602532Z,1000,per_hit,raw_percent_of_host,api-node1,api-node2,20,17,37,27.000000,16.161616,27.000000,32.323232,100.000000,50.000000,4.000000,4.000000,0.000000,0.000000,4.000000,4.000000,90.842105,109.411765,55.278306,51.646502,3.000000
2026-05-18T08:07:49.362603346Z,1000,per_hit,raw_percent_of_host,api-node1,api-node2,25,13,38,27.000000,6.000000,27.000000,12.000000,100.000000,50.000000,3.000000,3.000000,0.000000,0.000000,3.000000,3.000000,96.615385,109.642857,62.300962,50.168092,3.000000
2026-05-18T08:07:50.362603078Z,1000,per_hit,raw_percent_of_host,api-node1,api-node2,19,20,39,15.151515,15.151515,15.151515,30.303030,100.000000,50.000000,3.000000,3.000000,0.000000,0.000000,3.000000,3.000000,97.315789,123.350000,58.605085,55.949289,3.000000
2026-05-18T08:07:51.362602765Z,1000,per_hit,raw_percent_of_host,api-node1,api-node2,0,9,9,0.000000,0.000000,0.000000,0.000000,100.000000,50.000000,0.000000,0.000000,0.000000,0.000000,0.000000,0.000000,105.000000,35.500000,52.761904,69.085874,3.000000
2026-05-18T08:07:52.362605796Z,1000,per_hit,raw_percent_of_host,api-node1,api-node2,0,0,0,0.000000,0.000000,0.000000,0.000000,100.000000,50.000000,0.000000,0.000000,0.000000,0.000000,0.000000,0.000000,0.000000,0.000000,0.000000,0.000000,3.000000
2026-05-18T08:07:53.362604156Z,1000,per_hit,raw_percent_of_host,api-node1,api-node2,0,0,0,1.010101,0.000000,1.010101,0.000000,100.000000,50.000000,0.000000,0.000000,0.000000,0.000000,0.000000,0.000000,0.000000,0.000000,0.000000,0.000000,3.000000
2026-05-18T08:07:54.362606242Z,1000,per_hit,raw_percent_of_host,api-node1,api-node2,0,0,0,0.000000,1.010101,0.000000,2.020202,100.000000,50.000000,0.000000,0.000000,0.000000,0.000000,0.000000,0.000000,0.000000,0.000000,0.000000,0.000000,3.000000
2026-05-18T08:07:55.362606779Z,1000,per_hit,raw_percent_of_host,api-node1,api-node2,0,0,0,1.000000,0.000000,1.000000,0.000000,100.000000,50.000000,0.000000,0.000000,0.000000,0.000000,0.000000,0.000000,0.000000,0.000000,0.000000,0.000000,3.000000
2026-05-18T08:07:56.362602546Z,1000,per_hit,raw_percent_of_host,api-node1,api-node2,0,0,0,0.000000,0.000000,0.000000,0.000000,100.000000,50.000000,0.000000,0.000000,0.000000,0.000000,0.000000,0.000000,0.000000,0.000000,0.000000,0.000000,3.000000
2026-05-18T08:07:57.362610135Z,1000,per_hit,raw_percent_of_host,api-node1,api-node2,0,0,0,1.980198,1.980198,1.980198,3.960396,100.000000,50.000000,0.000000,0.000000,0.000000,0.000000,0.000000,0.000000,0.000000,0.000000,0.000000,0.000000,3.000000
2026-05-18T08:07:58.362603791Z,1000,per_hit,raw_percent_of_host,api-node1,api-node2,0,0,0,0.000000,0.000000,0.000000,0.000000,100.000000,50.000000,0.000000,0.000000,0.000000,0.000000,0.000000,0.000000,0.000000,0.000000,0.000000,0.000000,3.000000
2026-05-18T08:07:59.362603901Z,1000,per_hit,raw_percent_of_host,api-node1,api-node2,0,0,0,0.000000,0.000000,0.000000,0.000000,100.000000,50.000000,0.000000,0.000000,0.000000,0.000000,0.000000,0.000000,0.000000,0.000000,0.000000,0.000000,3.000000
2026-05-18T08:08:00.362602618Z,1000,per_hit,raw_percent_of_host,api-node1,api-node2,0,0,0,0.000000,0.000000,0.000000,0.000000,100.000000,50.000000,0.000000,0.000000,0.000000,0.000000,0.000000,0.000000,0.000000,0.000000,0.000000,0.000000,3.000000
2026-05-18T08:08:01.362602865Z,1000,per_hit,raw_percent_of_host,api-node1,api-node2,0,0,0,1.000000,0.000000,1.000000,0.000000,100.000000,50.000000,0.000000,0.000000,0.000000,0.000000,0.000000,0.000000,0.000000,0.000000,0.000000,0.000000,3.000000
2026-05-18T08:08:02.362606405Z,1000,per_hit,raw_percent_of_host,api-node1,api-node2,0,0,0,0.000000,0.000000,0.000000,0.000000,100.000000,50.000000,0.000000,0.000000,0.000000,0.000000,0.000000,0.000000,0.000000,0.000000,0.000000,0.000000,3.000000
2026-05-18T08:08:03.362604352Z,1000,per_hit,raw_percent_of_host,api-node1,api-node2,0,0,0,0.000000,1.000000,0.000000,2.000000,100.000000,50.000000,0.000000,0.000000,0.000000,0.000000,0.000000,0.000000,0.000000,0.000000,0.000000,0.000000,3.000000
2026-05-18T08:08:04.362606483Z,1000,per_hit,raw_percent_of_host,api-node1,api-node2,0,0,0,0.000000,0.000000,0.000000,0.000000,100.000000,50.000000,0.000000,0.000000,0.000000,0.000000,0.000000,0.000000,0.000000,0.000000,0.000000,0.000000,3.000000
2026-05-18T08:08:05.362606603Z,1000,per_hit,raw_percent_of_host,api-node1,api-node2,0,0,0,0.000000,1.000000,0.000000,2.000000,100.000000,50.000000,0.000000,0.000000,0.000000,0.000000,0.000000,0.000000,0.000000,0.000000,0.000000,0.000000,3.000000
2026-05-18T08:08:06.362604085Z,1000,per_hit,raw_percent_of_host,api-node1,api-node2,0,0,0,0.000000,0.000000,0.000000,0.000000,100.000000,50.000000,0.000000,0.000000,0.000000,0.000000,0.000000,0.000000,0.000000,0.000000,0.000000,0.000000,3.000000
2026-05-18T08:08:07.362607008Z,1000,per_hit,raw_percent_of_host,api-node1,api-node2,0,0,0,1.000000,0.000000,1.000000,0.000000,100.000000,50.000000,0.000000,0.000000,0.000000,0.000000,0.000000,0.000000,0.000000,0.000000,0.000000,0.000000,3.000000
2026-05-18T08:08:08.362602468Z,1000,per_hit,raw_percent_of_host,api-node1,api-node2,0,0,0,0.000000,2.000000,0.000000,4.000000,100.000000,50.000000,0.000000,0.000000,0.000000,0.000000,0.000000,0.000000,0.000000,0.000000,0.000000,0.000000,3.000000
2026-05-18T08:08:09.36260595Z,1000,per_hit,raw_percent_of_host,api-node1,api-node2,0,0,0,0.000000,0.000000,0.000000,0.000000,100.000000,50.000000,0.000000,0.000000,0.000000,0.000000,0.000000,0.000000,0.000000,0.000000,0.000000,0.000000,3.000000
2026-05-18T08:08:10.362606906Z,1000,per_hit,raw_percent_of_host,api-node1,api-node2,0,0,0,1.000000,3.061224,1.000000,6.122449,100.000000,50.000000,0.000000,0.000000,0.000000,0.000000,0.000000,0.000000,0.000000,0.000000,0.000000,0.000000,3.000000
2026-05-18T08:08:11.362607398Z,1000,per_hit,raw_percent_of_host,api-node1,api-node2,0,0,0,1.980198,1.000000,1.980198,2.000000,100.000000,50.000000,0.000000,0.000000,0.000000,0.000000,0.000000,0.000000,0.000000,0.000000,0.000000,0.000000,3.000000
2026-05-18T08:08:12.362603761Z,1000,per_hit,raw_percent_of_host,api-node1,api-node2,0,0,0,0.000000,0.000000,0.000000,0.000000,100.000000,50.000000,0.000000,0.000000,0.000000,0.000000,0.000000,0.000000,0.000000,0.000000,0.000000,0.000000,3.000000
2026-05-18T08:08:13.362602798Z,1000,per_hit,raw_percent_of_host,api-node1,api-node2,0,0,0,0.000000,0.000000,0.000000,0.000000,100.000000,50.000000,0.000000,0.000000,0.000000,0.000000,0.000000,0.000000,0.000000,0.000000,0.000000,0.000000,3.000000
2026-05-18T08:08:14.362607323Z,1000,per_hit,raw_percent_of_host,api-node1,api-node2,0,0,0,0.000000,0.000000,0.000000,0.000000,100.000000,50.000000,0.000000,0.000000,0.000000,0.000000,0.000000,0.000000,0.000000,0.000000,0.000000,0.000000,3.000000
2026-05-18T08:08:15.362603371Z,1000,per_hit,raw_percent_of_host,api-node1,api-node2,0,0,0,0.000000,0.000000,0.000000,0.000000,100.000000,50.000000,0.000000,0.000000,0.000000,0.000000,0.000000,0.000000,0.000000,0.000000,0.000000,0.000000,3.000000
2026-05-18T08:08:16.362602375Z,1000,per_hit,raw_percent_of_host,api-node1,api-node2,0,0,0,0.990099,0.000000,0.990099,0.000000,100.000000,50.000000,0.000000,0.000000,0.000000,0.000000,0.000000,0.000000,0.000000,0.000000,0.000000,0.000000,3.000000
2026-05-18T08:08:17.362603532Z,1000,per_hit,raw_percent_of_host,api-node1,api-node2,0,0,0,0.000000,0.000000,0.000000,0.000000,100.000000,50.000000,0.000000,0.000000,0.000000,0.000000,0.000000,0.000000,0.000000,0.000000,0.000000,0.000000,3.000000
2026-05-18T08:08:18.362607971Z,1000,per_hit,raw_percent_of_host,api-node1,api-node2,0,0,0,1.980198,0.000000,1.980198,0.000000,100.000000,50.000000,0.000000,0.000000,0.000000,0.000000,0.000000,0.000000,0.000000,0.000000,0.000000,0.000000,3.000000
2026-05-18T08:08:19.362602838Z,1000,per_hit,raw_percent_of_host,api-node1,api-node2,0,0,0,0.000000,0.000000,0.000000,0.000000,100.000000,50.000000,0.000000,0.000000,0.000000,0.000000,0.000000,0.000000,0.000000,0.000000,0.000000,0.000000,3.000000
2026-05-18T08:08:20.362604007Z,1000,per_hit,raw_percent_of_host,api-node1,api-node2,0,0,0,0.000000,0.000000,0.000000,0.000000,100.000000,50.000000,0.000000,0.000000,0.000000,0.000000,0.000000,0.000000,0.000000,0.000000,0.000000,0.000000,3.000000
2026-05-18T08:08:21.362607852Z,1000,per_hit,raw_percent_of_host,api-node1,api-node2,0,0,0,1.000000,0.000000,1.000000,0.000000,100.000000,50.000000,0.000000,0.000000,0.000000,0.000000,0.000000,0.000000,0.000000,0.000000,0.000000,0.000000,3.000000
2026-05-18T08:08:22.362604111Z,1000,per_hit,raw_percent_of_host,api-node1,api-node2,0,0,0,1.000000,0.000000,1.000000,0.000000,100.000000,50.000000,0.000000,0.000000,0.000000,0.000000,0.000000,0.000000,0.000000,0.000000,0.000000,0.000000,3.000000
2026-05-18T08:08:23.362606194Z,1000,per_hit,raw_percent_of_host,api-node1,api-node2,0,0,0,0.000000,0.000000,0.000000,0.000000,100.000000,50.000000,0.000000,0.000000,0.000000,0.000000,0.000000,0.000000,0.000000,0.000000,0.000000,0.000000,3.000000
2026-05-18T08:08:24.362602751Z,1000,per_hit,raw_percent_of_host,api-node1,api-node2,0,0,0,0.000000,0.000000,0.000000,0.000000,100.000000,50.000000,0.000000,0.000000,0.000000,0.000000,0.000000,0.000000,0.000000,0.000000,0.000000,0.000000,3.000000
2026-05-18T08:08:25.362604547Z,1000,per_hit,raw_percent_of_host,api-node1,api-node2,0,0,0,1.000000,1.010101,1.000000,2.020202,100.000000,50.000000,0.000000,0.000000,0.000000,0.000000,0.000000,0.000000,0.000000,0.000000,0.000000,0.000000,3.000000
2026-05-18T08:08:26.362607545Z,1000,per_hit,raw_percent_of_host,api-node1,api-node2,0,0,0,0.000000,0.000000,0.000000,0.000000,100.000000,50.000000,0.000000,0.000000,0.000000,0.000000,0.000000,0.000000,0.000000,0.000000,0.000000,0.000000,3.000000
2026-05-18T08:08:27.362604053Z,1000,per_hit,raw_percent_of_host,api-node1,api-node2,0,0,0,1.000000,0.000000,1.000000,0.000000,100.000000,50.000000,0.000000,0.000000,0.000000,0.000000,0.000000,0.000000,0.000000,0.000000,0.000000,0.000000,3.000000
2026-05-18T08:08:28.36260412Z,1000,per_hit,raw_percent_of_host,api-node1,api-node2,0,0,0,0.000000,2.000000,0.000000,4.000000,100.000000,50.000000,0.000000,0.000000,0.000000,0.000000,0.000000,0.000000,0.000000,0.000000,0.000000,0.000000,3.000000
2026-05-18T08:08:29.362609584Z,1000,per_hit,raw_percent_of_host,api-node1,api-node2,0,0,0,0.000000,0.000000,0.000000,0.000000,100.000000,50.000000,0.000000,0.000000,0.000000,0.000000,0.000000,0.000000,0.000000,0.000000,0.000000,0.000000,3.000000
2026-05-18T08:08:30.362602571Z,1000,per_hit,raw_percent_of_host,api-node1,api-node2,0,0,0,1.000000,1.000000,1.000000,2.000000,100.000000,50.000000,0.000000,0.000000,0.000000,0.000000,0.000000,0.000000,0.000000,0.000000,0.000000,0.000000,3.000000
2026-05-18T08:08:31.362603886Z,1000,per_hit,raw_percent_of_host,api-node1,api-node2,0,0,0,0.000000,0.000000,0.000000,0.000000,100.000000,50.000000,0.000000,0.000000,0.000000,0.000000,0.000000,0.000000,0.000000,0.000000,0.000000,0.000000,3.000000
2026-05-18T08:08:32.362605943Z,1000,per_hit,raw_percent_of_host,api-node1,api-node2,0,0,0,0.000000,0.000000,0.000000,0.000000,100.000000,50.000000,0.000000,0.000000,0.000000,0.000000,0.000000,0.000000,0.000000,0.000000,0.000000,0.000000,3.000000
2026-05-18T08:08:33.362626649Z,1000,per_hit,raw_percent_of_host,api-node1,api-node2,0,0,0,1.010101,1.000000,1.010101,2.000000,100.000000,50.000000,0.000000,0.000000,0.000000,0.000000,0.000000,0.000000,0.000000,0.000000,0.000000,0.000000,3.000000
2026-05-18T08:08:34.362604379Z,1000,per_hit,raw_percent_of_host,api-node1,api-node2,0,0,0,0.000000,0.000000,0.000000,0.000000,100.000000,50.000000,0.000000,0.000000,0.000000,0.000000,0.000000,0.000000,0.000000,0.000000,0.000000,0.000000,3.000000
2026-05-18T08:08:35.362607768Z,1000,per_hit,raw_percent_of_host,api-node1,api-node2,0,0,0,0.000000,0.000000,0.000000,0.000000,100.000000,50.000000,0.000000,0.000000,0.000000,0.000000,0.000000,0.000000,0.000000,0.000000,0.000000,0.000000,3.000000
2026-05-18T08:08:36.362606377Z,1000,per_hit,raw_percent_of_host,api-node1,api-node2,0,0,0,0.000000,0.000000,0.000000,0.000000,100.000000,50.000000,0.000000,0.000000,0.000000,0.000000,0.000000,0.000000,0.000000,0.000000,0.000000,0.000000,3.000000
2026-05-18T08:08:37.36260279Z,1000,per_hit,raw_percent_of_host,api-node1,api-node2,0,0,0,0.000000,1.980198,0.000000,3.960396,100.000000,50.000000,0.000000,0.000000,0.000000,0.000000,0.000000,0.000000,0.000000,0.000000,0.000000,0.000000,3.000000
2026-05-18T08:08:38.362607722Z,1000,per_hit,raw_percent_of_host,api-node1,api-node2,0,0,0,1.980198,0.000000,1.980198,0.000000,100.000000,50.000000,0.000000,0.000000,0.000000,0.000000,0.000000,0.000000,0.000000,0.000000,0.000000,0.000000,3.000000
2026-05-18T08:08:39.362606643Z,1000,per_hit,raw_percent_of_host,api-node1,api-node2,0,0,0,0.000000,0.000000,0.000000,0.000000,100.000000,50.000000,0.000000,0.000000,0.000000,0.000000,0.000000,0.000000,0.000000,0.000000,0.000000,0.000000,3.000000
2026-05-18T08:08:40.362604105Z,1000,per_hit,raw_percent_of_host,api-node1,api-node2,0,0,0,0.000000,1.000000,0.000000,2.000000,100.000000,50.000000,0.000000,0.000000,0.000000,0.000000,0.000000,0.000000,0.000000,0.000000,0.000000,0.000000,3.000000
2026-05-18T08:08:41.362603488Z,1000,per_hit,raw_percent_of_host,api-node1,api-node2,0,0,0,1.000000,1.000000,1.000000,2.000000,100.000000,50.000000,0.000000,0.000000,0.000000,0.000000,0.000000,0.000000,0.000000,0.000000,0.000000,0.000000,3.000000
2026-05-18T08:08:42.362603798Z,1000,per_hit,raw_percent_of_host,api-node1,api-node2,0,0,0,0.000000,0.000000,0.000000,0.000000,100.000000,50.000000,0.000000,0.000000,0.000000,0.000000,0.000000,0.000000,0.000000,0.000000,0.000000,0.000000,3.000000
2026-05-18T08:08:43.362602792Z,1000,per_hit,raw_percent_of_host,api-node1,api-node2,0,0,0,1.010101,1.000000,1.010101,2.000000,100.000000,50.000000,0.000000,0.000000,0.000000,0.000000,0.000000,0.000000,0.000000,0.000000,0.000000,0.000000,3.000000
2026-05-18T08:08:44.362603146Z,1000,per_hit,raw_percent_of_host,api-node1,api-node2,0,0,0,0.000000,0.000000,0.000000,0.000000,100.000000,50.000000,0.000000,0.000000,0.000000,0.000000,0.000000,0.000000,0.000000,0.000000,0.000000,0.000000,3.000000
2026-05-18T08:08:45.362608636Z,1000,per_hit,raw_percent_of_host,api-node1,api-node2,0,0,0,0.000000,0.000000,0.000000,0.000000,100.000000,50.000000,0.000000,0.000000,0.000000,0.000000,0.000000,0.000000,0.000000,0.000000,0.000000,0.000000,3.000000
2026-05-18T08:08:46.362603807Z,1000,per_hit,raw_percent_of_host,api-node1,api-node2,0,0,0,0.000000,1.000000,0.000000,2.000000,100.000000,50.000000,0.000000,0.000000,0.000000,0.000000,0.000000,0.000000,0.000000,0.000000,0.000000,0.000000,3.000000
2026-05-18T08:08:47.362608057Z,1000,per_hit,raw_percent_of_host,api-node1,api-node2,0,0,0,2.020202,0.000000,2.020202,0.000000,100.000000,50.000000,0.000000,0.000000,0.000000,0.000000,0.000000,0.000000,0.000000,0.000000,0.000000,0.000000,3.000000
2026-05-18T08:08:48.362606895Z,1000,per_hit,raw_percent_of_host,api-node1,api-node2,0,0,0,0.000000,1.010101,0.000000,2.020202,100.000000,50.000000,0.000000,0.000000,0.000000,0.000000,0.000000,0.000000,0.000000,0.000000,0.000000,0.000000,3.000000
2026-05-18T08:08:49.362604088Z,1000,per_hit,raw_percent_of_host,api-node1,api-node2,0,0,0,0.000000,0.000000,0.000000,0.000000,100.000000,50.000000,0.000000,0.000000,0.000000,0.000000,0.000000,0.000000,0.000000,0.000000,0.000000,0.000000,3.000000
2026-05-18T08:08:50.362613173Z,1000,per_hit,raw_percent_of_host,api-node1,api-node2,0,0,0,1.000000,0.000000,1.000000,0.000000,100.000000,50.000000,0.000000,0.000000,0.000000,0.000000,0.000000,0.000000,0.000000,0.000000,0.000000,0.000000,3.000000
2026-05-18T08:08:51.362603691Z,1000,per_hit,raw_percent_of_host,api-node1,api-node2,0,0,0,0.000000,0.000000,0.000000,0.000000,100.000000,50.000000,0.000000,0.000000,0.000000,0.000000,0.000000,0.000000,0.000000,0.000000,0.000000,0.000000,3.000000
2026-05-18T08:08:52.362603583Z,1000,per_hit,raw_percent_of_host,api-node1,api-node2,0,0,0,0.000000,0.000000,0.000000,0.000000,100.000000,50.000000,0.000000,0.000000,0.000000,0.000000,0.000000,0.000000,0.000000,0.000000,0.000000,0.000000,3.000000
2026-05-18T08:08:53.362602726Z,1000,per_hit,raw_percent_of_host,api-node1,api-node2,0,0,0,0.990099,0.000000,0.990099,0.000000,100.000000,50.000000,0.000000,0.000000,0.000000,0.000000,0.000000,0.000000,0.000000,0.000000,0.000000,0.000000,3.000000
2026-05-18T08:08:54.362604153Z,1000,per_hit,raw_percent_of_host,api-node1,api-node2,0,0,0,0.000000,1.000000,0.000000,2.000000,100.000000,50.000000,0.000000,0.000000,0.000000,0.000000,0.000000,0.000000,0.000000,0.000000,0.000000,0.000000,3.000000
2026-05-18T08:08:55.362602795Z,1000,per_hit,raw_percent_of_host,api-node1,api-node2,0,0,0,1.000000,1.980198,1.000000,3.960396,100.000000,50.000000,0.000000,0.000000,0.000000,0.000000,0.000000,0.000000,0.000000,0.000000,0.000000,0.000000,3.000000
2026-05-18T08:08:56.362602734Z,1000,per_hit,raw_percent_of_host,api-node1,api-node2,0,0,0,0.000000,0.000000,0.000000,0.000000,100.000000,50.000000,0.000000,0.000000,0.000000,0.000000,0.000000,0.000000,0.000000,0.000000,0.000000,0.000000,3.000000
2026-05-18T08:08:57.362614697Z,1000,per_hit,raw_percent_of_host,api-node1,api-node2,0,0,0,1.010101,1.000000,1.010101,2.000000,100.000000,50.000000,0.000000,0.000000,0.000000,0.000000,0.000000,0.000000,0.000000,0.000000,0.000000,0.000000,3.000000
2026-05-18T08:08:58.362602974Z,1000,per_hit,raw_percent_of_host,api-node1,api-node2,0,0,0,1.000000,0.000000,1.000000,0.000000,100.000000,50.000000,0.000000,0.000000,0.000000,0.000000,0.000000,0.000000,0.000000,0.000000,0.000000,0.000000,3.000000
2026-05-18T08:08:59.362602692Z,1000,per_hit,raw_percent_of_host,api-node1,api-node2,0,0,0,0.000000,0.000000,0.000000,0.000000,100.000000,50.000000,0.000000,0.000000,0.000000,0.000000,0.000000,0.000000,0.000000,0.000000,0.000000,0.000000,3.000000
2026-05-18T08:09:00.362602888Z,1000,per_hit,raw_percent_of_host,api-node1,api-node2,0,0,0,0.000000,0.000000,0.000000,0.000000,100.000000,50.000000,0.000000,0.000000,0.000000,0.000000,0.000000,0.000000,0.000000,0.000000,0.000000,0.000000,3.000000
2026-05-18T08:09:01.362606256Z,1000,per_hit,raw_percent_of_host,api-node1,api-node2,0,0,0,1.000000,1.980198,1.000000,3.960396,100.000000,50.000000,0.000000,0.000000,0.000000,0.000000,0.000000,0.000000,0.000000,0.000000,0.000000,0.000000,3.000000
2026-05-18T08:09:02.362607485Z,1000,per_hit,raw_percent_of_host,api-node1,api-node2,0,0,0,0.000000,1.000000,0.000000,2.000000,100.000000,50.000000,0.000000,0.000000,0.000000,0.000000,0.000000,0.000000,0.000000,0.000000,0.000000,0.000000,3.000000
2026-05-18T08:09:03.362603335Z,1000,per_hit,raw_percent_of_host,api-node1,api-node2,0,0,0,0.000000,0.000000,0.000000,0.000000,100.000000,50.000000,0.000000,0.000000,0.000000,0.000000,0.000000,0.000000,0.000000,0.000000,0.000000,0.000000,3.000000
2026-05-18T08:09:04.362603512Z,1000,per_hit,raw_percent_of_host,api-node1,api-node2,0,0,0,0.000000,0.000000,0.000000,0.000000,100.000000,50.000000,0.000000,0.000000,0.000000,0.000000,0.000000,0.000000,0.000000,0.000000,0.000000,0.000000,3.000000
2026-05-18T08:09:05.362602776Z,1000,per_hit,raw_percent_of_host,api-node1,api-node2,0,0,0,1.000000,0.000000,1.000000,0.000000,100.000000,50.000000,0.000000,0.000000,0.000000,0.000000,0.000000,0.000000,0.000000,0.000000,0.000000,0.000000,3.000000
2026-05-18T08:09:06.362603309Z,1000,per_hit,raw_percent_of_host,api-node1,api-node2,0,0,0,1.000000,0.000000,1.000000,0.000000,100.000000,50.000000,0.000000,0.000000,0.000000,0.000000,0.000000,0.000000,0.000000,0.000000,0.000000,0.000000,3.000000
2026-05-18T08:09:07.362604089Z,1000,per_hit,raw_percent_of_host,api-node1,api-node2,0,0,0,1.000000,0.000000,1.000000,0.000000,100.000000,50.000000,0.000000,0.000000,0.000000,0.000000,0.000000,0.000000,0.000000,0.000000,0.000000,0.000000,3.000000
2026-05-18T08:09:08.362602688Z,1000,per_hit,raw_percent_of_host,api-node1,api-node2,0,0,0,1.010101,1.020408,1.010101,2.040816,100.000000,50.000000,0.000000,0.000000,0.000000,0.000000,0.000000,0.000000,0.000000,0.000000,0.000000,0.000000,3.000000
2026-05-18T08:09:09.362606736Z,1000,per_hit,raw_percent_of_host,api-node1,api-node2,0,0,0,1.000000,0.000000,1.000000,0.000000,100.000000,50.000000,0.000000,0.000000,0.000000,0.000000,0.000000,0.000000,0.000000,0.000000,0.000000,0.000000,3.000000
2026-05-18T08:09:10.362603502Z,1000,per_hit,raw_percent_of_host,api-node1,api-node2,0,0,0,0.990099,4.040404,0.990099,8.080808,100.000000,50.000000,0.000000,0.000000,0.000000,0.000000,0.000000,0.000000,0.000000,0.000000,0.000000,0.000000,3.000000
2026-05-18T08:09:11.362607207Z,1000,per_hit,raw_percent_of_host,api-node1,api-node2,0,0,0,0.000000,1.000000,0.000000,2.000000,100.000000,50.000000,0.000000,0.000000,0.000000,0.000000,0.000000,0.000000,0.000000,0.000000,0.000000,0.000000,3.000000
2026-05-18T08:09:12.362602829Z,1000,per_hit,raw_percent_of_host,api-node1,api-node2,0,0,0,0.000000,0.000000,0.000000,0.000000,100.000000,50.000000,0.000000,0.000000,0.000000,0.000000,0.000000,0.000000,0.000000,0.000000,0.000000,0.000000,3.000000
2026-05-18T08:09:13.362602847Z,1000,per_hit,raw_percent_of_host,api-node1,api-node2,0,0,0,0.990099,0.000000,0.990099,0.000000,100.000000,50.000000,0.000000,0.000000,0.000000,0.000000,0.000000,0.000000,0.000000,0.000000,0.000000,0.000000,3.000000
2026-05-18T08:09:14.36261244Z,1000,per_hit,raw_percent_of_host,api-node1,api-node2,0,0,0,1.000000,0.000000,1.000000,0.000000,100.000000,50.000000,0.000000,0.000000,0.000000,0.000000,0.000000,0.000000,0.000000,0.000000,0.000000,0.000000,3.000000
2026-05-18T08:09:15.362602627Z,1000,per_hit,raw_percent_of_host,api-node1,api-node2,0,0,0,1.000000,0.000000,1.000000,0.000000,100.000000,50.000000,0.000000,0.000000,0.000000,0.000000,0.000000,0.000000,0.000000,0.000000,0.000000,0.000000,3.000000
